objectId,createdAt,updatedAt,ACL,team_id,fall_year,player_ids
09PT4NMj9Q,Fri Dec 04 2015 20:10:12 GMT-0600 (Central Standard Time),Sat Dec 05 2015 18:40:42 GMT-0600 (Central Standard Time),null,l5ct7xY8Cg,2015,"[""L3k9RRartz"",""io4tRdVxe0"",""v34SZAlh8O""]"
0lYCLIDSur,Mon Mar 27 2017 11:34:56 GMT-0500 (Central Daylight Time),Mon Mar 27 2017 11:34:56 GMT-0500 (Central Daylight Time),null,lR5uXaimjI,2016,
1eWx3IlLhU,Thu Nov 17 2016 10:53:44 GMT-0600 (Central Standard Time),Thu Nov 17 2016 10:53:44 GMT-0600 (Central Standard Time),null,q4t17aUQvP,2016,
1rarCNRBwV,Thu Aug 12 2021 16:55:23 GMT-0500 (Central Daylight Time),Thu Aug 12 2021 16:55:23 GMT-0500 (Central Daylight Time),null,dasZO9xYI9,2021,
2UTLJX9XD9,Thu Aug 06 2020 08:51:29 GMT-0500 (Central Daylight Time),Thu Aug 06 2020 08:51:29 GMT-0500 (Central Daylight Time),null,1d2WW8vOCr,2018,"[""XwuQUAiIik"",""6StjzskCUG"",""2I09HLJ1K4"",""CWtbW6IMnw"",""0unM9q7yYD"",""rKrIfcsOW1"",""7EDnO5gKrL"",""kJlU8DWCZz"",""XCBzYCCTEg"",""AKBuEiMdEz"",""BCu8lNpZd9"",""oDt8p4zp3c"",""Mahdedzoe0"",""rLuvcJEl7W"",""0cPf7prEb0"",""1HP5hTQB0v"",""eyvNRYsvfB"",""i97iYhgznd""]"
537kF8ZdtG,Wed Jul 28 2021 18:02:23 GMT-0500 (Central Daylight Time),Wed Jul 28 2021 18:02:23 GMT-0500 (Central Daylight Time),null,PTGvEk67Na,2021,
5GbSymvijB,Fri Dec 04 2015 03:08:50 GMT-0600 (Central Standard Time),Fri Dec 04 2015 03:08:50 GMT-0600 (Central Standard Time),null,x08kJZJT9E,2015,"[""z1KLKNrWGg"",""LYtWpeMeKh"",""KteR1cy5sN"",""QK7VvpQ7Ye"",""4ecsJccKdH"",""iMlYJcVFIu"",""T2okH7zvM8"",""h8ckLhTQev"",""aEdtk391pk"",""F0SC0eTfis"",""Ljohqm8J8M"",""4yYfo5mAsJ"",""AG5wwJuSIk"",""pyBS3o1A9e"",""V9E4VNAb2h"",""H5rzpUSedi"",""08QOG1WsNz"",""KiDbcWNWHw"",""NcJGiQUCSN"",""8A2mysJ41Q"",""ObNSSxANSy""]"
7EEqlCmqGS,Tue Nov 08 2016 12:52:07 GMT-0600 (Central Standard Time),Tue Nov 08 2016 12:52:07 GMT-0600 (Central Standard Time),null,7uCf7mKMsz,2016,
8si1MTAJ4t,Mon Jan 25 2016 21:16:38 GMT-0600 (Central Standard Time),Mon Jan 25 2016 21:16:38 GMT-0600 (Central Standard Time),null,D47tZYGxLA,2015,"[""CLciaXnWY2"",""h5TB6Wz2AS"",""3fpzgQob60"",""u2rxqsbPXq"",""zuCb8Ql2zg"",""6BKAN9WNWw"",""PaYdQQP5Cg"",""0Pahc1kay4"",""gToKy3iDOL"",""I9Lf6ZCy5I"",""VUyUB3mhAD"",""2nbtfTnvdr"",""9K4crkkmfA"",""awvL4z5LjI"",""58WHHPQ4uk"",""jxbCwUADdX"",""wAAEtpExvY"",""9eJv24OKHP"",""XWLFvENJYH"",""SDZcD8OEUO"",""nGFUao1T28"",""n3NM0Ty4CQ"",""pQgEPks7gQ"",""9depCHGHgX"",""odQ9Kj5NVq""]"
90b5YkJbfr,Thu Nov 05 2015 09:11:37 GMT-0600 (Central Standard Time),Thu Nov 05 2015 09:45:33 GMT-0600 (Central Standard Time),null,03h0GIgF90,2015,"[""MyRRRTdDWw"",""jDkwCcjm97"",""AFBp2l4SoG"",""PFH8mRJr3G"",""CwpT9epLgh"",""F2PlBYAu8o"",""mrNtl0DtIC"",""6bY4InEDBz"",""bksPdNm1jb"",""917jFZ5oi8"",""QwTn0NQtk8"",""NJZDNzTUTg"",""g41NODsuZ9"",""9duPKvfocc"",""PvN4cMv9Wh"",""ilMpGNL2NH"",""OSU72txBmR"",""Rrmr9iIZDq""]"
9INuSuAmS3,Wed Jul 19 2017 18:02:20 GMT-0500 (Central Daylight Time),Wed Jul 19 2017 18:02:20 GMT-0500 (Central Daylight Time),null,QaWdxPWpwz,2016,"[""4by4QKIQTK""]"
AWHAIDmV2i,Thu Feb 02 2017 10:41:00 GMT-0600 (Central Standard Time),Thu Feb 02 2017 10:41:17 GMT-0600 (Central Standard Time),null,J4jYCZM9jX,2016,"[""WZhKZeRodR"",""LTtUAAFC8z""]"
Acz6NDxI00,Fri Dec 04 2015 01:28:56 GMT-0600 (Central Standard Time),Fri Dec 04 2015 01:28:56 GMT-0600 (Central Standard Time),null,YxFzyU7JOS,2015,"[""GOysfQMvzP"",""dJQB3eBpFj"",""vvbmdzIF3f"",""BevlXznXgR"",""RzKs9ITL9V"",""xI7AVw59uB"",""oEIAB1Ms1V"",""M11fvnu8r0""]"
C7EFjvf8hv,Wed Nov 21 2018 17:38:26 GMT-0600 (Central Standard Time),Mon Feb 18 2019 22:24:58 GMT-0600 (Central Standard Time),null,hiXRckO3HR,2012,"[""otf8pLKLQ0"",""0kBR9KgDGS"",""vcyBAH0mMT"",""KHm5m3G4Hk"",""BDbXApyN3i"",""AleeSVhsre"",""IGkEELHXj3"",""wHXXofvoSI"",""iG2u8TDBH1"",""aBwAnsgESF"",""vMyHUKu6AQ"",""mt5aaH7TTS"",""DRe6dkXhDY"",""9pYpGGXgxO"",""NWZEbqfWte"",""VWRwtkA4HD"",""H5EsayjQpk"",""sDreAGNVIF"",""jNlB9oft4Q"",""DnFzxfIKTL"",""VcEifvt9qQ"",""SAgTOm6syg"",""8px5NyuyoW"",""tlDz19KFvD"",""IGkC6WWK49"",""qRDxf8yxSH""]"
CfNcsGM6da,Sun Jan 24 2016 13:38:14 GMT-0600 (Central Standard Time),Sun Jan 24 2016 19:04:11 GMT-0600 (Central Standard Time),null,0SjMMpwkhk,2015,"[""XjmsszhWwy"",""YrQjWLochZ"",""WbijZ1b39h"",""Mj4it6q1B9"",""zgNRCPAx4I"",""or3mxMVCvL"",""otf8pLKLQ0"",""pDoDJH9qyE"",""fVGjbFoFGZ"",""TEohFUma2K"",""Yoka2SU2mN"",""DrpTA7qfBU"",""vEDRw339sa"",""FXLSGfxPBg"",""tHDnLa5G3w"",""HQEkDq6267"",""1jDsqkhhmP"",""hdRmwtjIRD"",""xzufVj92N0"",""IRcNlVPGUR"",""SN0sQ9veNb"",""Dls7Rpb9JU"",""cg0r7rdray""]"
DBndPQsxVB,Thu Oct 20 2016 16:57:21 GMT-0500 (Central Daylight Time),Thu Oct 20 2016 16:57:21 GMT-0500 (Central Daylight Time),null,W06rDSVYXw,2016,
DKey4NFDEq,Fri Feb 16 2018 08:54:36 GMT-0600 (Central Standard Time),Fri Feb 16 2018 08:54:36 GMT-0600 (Central Standard Time),null,eeGdLqg7B2,2017,
FEaA4f16hf,Tue Nov 08 2016 12:52:29 GMT-0600 (Central Standard Time),Tue Nov 08 2016 12:52:29 GMT-0600 (Central Standard Time),null,igGiePQqI2,2016,
GCOGyI6dvs,Mon Jan 25 2016 21:09:33 GMT-0600 (Central Standard Time),Mon Jan 25 2016 21:09:33 GMT-0600 (Central Standard Time),null,0u9gVPYVvD,2015,"[""295ldN5e2C"",""zkjkmpHQru"",""5fUpENut0X"",""VlltjYDkLQ"",""KFdiiu65PI"",""pyWjoO5Ygw"",""9wNwYhuSEd"",""0d39rkR0yD"",""fqlB6n00MZ"",""OZD45yjuIq"",""b8sfgFcehS"",""49Sf4iRiHw"",""xlUCfBpymX"",""mTtISHsDS8"",""VlXIHnvgRM"",""GO5TYqf8fI"",""MmDyqpu553"",""ToxwwZq2Gb"",""xuOdipqavd"",""g6xa4IpjZo""]"
GORl5QOeUU,Sun Oct 09 2016 21:45:34 GMT-0500 (Central Daylight Time),Sun Oct 09 2016 21:45:34 GMT-0500 (Central Daylight Time),null,APNEiQQoaa,2016,
GV6vhTFs1s,Wed Jul 21 2021 18:06:03 GMT-0500 (Central Daylight Time),Mon Aug 02 2021 22:18:53 GMT-0500 (Central Daylight Time),null,9pknZhSrVp,2021,"[""0kBR9KgDGS"",""RLKgXB6VTU"",""yYzBIhVGhv"",""cnFzgxE3sV"",""3uzJNkmyCK"",""N2nkCyT2ec"",""DHCppCm3zW"",""CY11CSF2Gf"",""wHXXofvoSI"",""aBwAnsgESF"",""QIFbXXQS8t"",""kPQdWMgXXA"",""edmySsHyjj"",""dHmqv2Hqu4"",""D5CpYZ4DFA"",""4OBDCwlpBD"",""d5bIGEmLA8"",""dANGIO9TLQ"",""hrgUJmF7lO"",""SAgTOm6syg"",""LhPg9yD9sh"",""1ipSE3SoB4"",""YidxdfMjXb""]"
H3KS7olMcx,Fri Dec 04 2015 00:18:07 GMT-0600 (Central Standard Time),Fri Dec 04 2015 00:18:07 GMT-0600 (Central Standard Time),null,MOyqzF628Q,2015,"[""A7qbGxmtff"",""71ZhAdGAmJ"",""wqnju6H4kE"",""2WHKEiGOQp"",""2UUq6EwTpf"",""R8rbFqhcok"",""tJLDiEgHch"",""CeOriRcis1"",""NjVtVrp8L3"",""kHE3uRdOW9"",""FcZA3mqexb"",""BLqfE6dKxo"",""CcwDbfECm7"",""CYl4bRI2iB"",""faSv9q4FZz"",""fUuhmpvEeE"",""5sDrAqyKCT"",""uCYq55fMRi"",""43hjW0XaS0"",""1McO0lSm8j"",""ISTXD7TZH2"",""yMk6pLhw4c"",""qYsQZMJym1"",""PzKNwybQw6"",""XUVfxtANcL"",""hXx3Zt5lKv"",""zfvrxiXsG5"",""ntVoreAxUn""]"
HalCZxkEjH,Thu Mar 15 2018 15:37:55 GMT-0500 (Central Daylight Time),Thu Mar 15 2018 15:37:55 GMT-0500 (Central Daylight Time),null,wCsrfKSsCM,2017,
HubnV1Dmo1,Sat Jan 09 2016 18:41:53 GMT-0600 (Central Standard Time),Sat Jan 09 2016 18:41:53 GMT-0600 (Central Standard Time),null,VVf2rVa4A4,2015,"[""2Ts4ONucLk"",""NlGBe3VN1S"",""xVI94WMKUh"",""378ttjt6dS"",""PpgqlwtMOp"",""QtECt8QvXE"",""RD4pk7wpca"",""IgjsHHBVre"",""uf1SXa7zeY"",""y29YHrKqpd"",""klTWvrRFMX"",""9DM13pxt1c"",""PKbyXrODTu"",""iDS68N8cRE"",""LXLHPjP4yL"",""TXy43JEhRC"",""MrQCrr1isp"",""FOKc0IxhMX"",""lEz5oyDdgZ""]"
HzClJIoQbY,Thu Mar 15 2018 15:37:35 GMT-0500 (Central Daylight Time),Thu Mar 15 2018 15:37:35 GMT-0500 (Central Daylight Time),null,ue6R6GtpLi,2017,
JTpJZOro92,Sat Jan 09 2016 17:34:15 GMT-0600 (Central Standard Time),Sat Jan 09 2016 17:34:15 GMT-0600 (Central Standard Time),null,ejsL26LzRP,2015,"[""rZruyK95DH"",""GutatGiHk6"",""gtkL2UiOhK"",""rrUJVMmTtc"",""hSbo3Zypaf"",""1KzCWhZXiK"",""trIGl5DVFO"",""WxjGC1F5w3"",""JuVyxBwz9N"",""YNGEcWiTF4"",""Wb6nlaQHhc"",""RRwi67ieaj"",""JOfceEIbBi"",""1z3s09Xih8"",""BtrxsmyMbu"",""zadjMjqSqY"",""W7vafG77MW"",""aUuPCYzGUz"",""TDxGTrdrWB"",""nR4nqzBlr9"",""HPCHD4D36J""]"
JhaxvDlleE,Thu Feb 01 2018 12:13:46 GMT-0600 (Central Standard Time),Thu Feb 01 2018 12:13:46 GMT-0600 (Central Standard Time),null,XClj7GPef9,2017,
MhvnxqgCEu,Fri Feb 16 2018 08:42:58 GMT-0600 (Central Standard Time),Fri Feb 16 2018 08:52:23 GMT-0600 (Central Standard Time),null,p0YTMXMMJ5,2017,"[""gvhFRIH7Qs"",""mumdD5dmY3"",""pGlzTAVnpA"",""n9OJmpX64L"",""4AgAqQRmmF"",""sZZvHE2pjX"",""eNywSAU1AF"",""hX7lcAIAdE"",""JxCTnEruGB"",""jM2qgJSTCq"",""JayP2bjaJz"",""f4HGBXFB5B"",""BH9rfkpXHa"",""h173GsOui4"",""qv6s8AvtWb"",""7Gr7wlFWb9"",""jrcKF2LkWp"",""nyHpJrW1Kc"",""jgx4rBj8Er""]"
MwDol7la05,Fri Dec 04 2015 00:26:36 GMT-0600 (Central Standard Time),Fri Dec 04 2015 00:26:36 GMT-0600 (Central Standard Time),null,TNw4nvciYW,2015,"[""OO9bYW46hs"",""dq7t5r7viz"",""zTpIidJssQ""]"
OrGwISi1wr,Wed Jun 22 2016 23:12:54 GMT-0500 (Central Daylight Time),Wed Jun 22 2016 23:12:54 GMT-0500 (Central Daylight Time),null,1Tq5ZLgKzB,2015,"[""gHIwncUZcO""]"
OwAKyGhARL,Wed Dec 09 2015 18:02:54 GMT-0600 (Central Standard Time),Thu Dec 10 2015 16:33:20 GMT-0600 (Central Standard Time),null,wl56jgemqS,2015,"[""mrNtl0DtIC"",""EnJLWiMjLJ"",""goSgpc30T5"",""04r1R9pfGT"",""0VOQW5HECu"",""1oH0aqVltP"",""3v6KRffPw9"",""4tCPrEIefw"",""69OoV8Ss1V"",""8BBsZ4fjPT"",""LDKFH3A94r"",""Pnr4BHAnvi"",""Q8DYGCFqd2"",""QcjRKsIMCb"",""Qse4dRBZFU"",""R4QcQcmIeU"",""TW2SnwomTw"",""a5LfIgky9b"",""bIbrZRZ3Ir"",""ct7n8OibzN"",""hAM7ngJmlm"",""hmnyLssGyX"",""lmRl9DuW0c"",""mqilFTJ6Aa"",""qPR6ASM4q8"",""rrUJVMmTtc"",""rvfbOzrUMt"",""vtK6JXIKC9"",""yIpPBCdaqx"",""zZn43rvZlb""]"
PLpKhCZl1m,Fri Aug 05 2016 22:49:48 GMT-0500 (Central Daylight Time),Fri Aug 05 2016 22:49:48 GMT-0500 (Central Daylight Time),null,b0FK1qJldP,2015,"[""hiudcFvkfg""]"
RP4KKpF1Em,Wed Dec 20 2017 20:54:47 GMT-0600 (Central Standard Time),Wed Dec 20 2017 20:54:47 GMT-0600 (Central Standard Time),null,i88VqsygZg,2017,
RVsB4NgHtq,Thu Oct 15 2015 10:24:29 GMT-0500 (Central Daylight Time),Sun Feb 21 2016 20:52:43 GMT-0600 (Central Standard Time),null,72aC65hDVy,2015,"[""bCYfKzBzRy"",""hXJ7KZC4h6"",""qQCvUkYUDI"",""e3qR7cHiUt"",""0kBR9KgDGS"",""KMDBEQu5Ex"",""43sYwN3gyb"",""BEYDVRhJeB"",""viFwrCepMT"",""kJzWiJlp3v"",""LOm1LOSK9B"",""AgJAMYYdpK"",""Ae4K4CwdbX"",""NfqPO5SMtn"",""8wSf1VFzoY"",""3chZpnf9Am"",""ioMIATmjhC"",""r0Z63P1ZtU"",""goSgpc30T5"",""titeRGhaoB"",""VPjtzA2rCb"",""HCUHlfP7mQ"",""RY9uvxgIjJ"",""lg8Uf0wXvs"",""lFpA2o0RPN"",""mJVG6mNBaZ"",""tEZLvfc3Yj"",""yJNLpStfbI"",""04r1R9pfGT"",""aBWc3yladC"",""WtbIN32Vvc"",""fp3ZLH0Wkx"",""Pnr4BHAnvi"",""GkiVRch1K4"",""CWl5bsSkzf"",""EnJLWiMjLJ"",""ZMG8oFazwS"",""0VOQW5HECu"",""Bx0uMlxAOu"",""IzRiCkJapn"",""YidKaXIpca"",""BNhpCydga0"",""G3nNSLEziD"",""8cPxxM8roA"",""RmXzn0nGSe"",""qfOVFUW4gU"",""KyYNOHhaX9"",""uqJFaGKG7G"",""xXzg8QIkMN"",""ct7n8OibzN"",""zZn43rvZlb"",""v8irf5X2pC""]"
SN8L8FBXdo,Thu Mar 08 2018 18:22:04 GMT-0600 (Central Standard Time),Thu Mar 08 2018 18:22:04 GMT-0600 (Central Standard Time),null,xs2G82eckS,2016,
SZZmpgdffE,Sun Jul 03 2016 00:28:13 GMT-0500 (Central Daylight Time),Sun Jul 03 2016 00:28:13 GMT-0500 (Central Daylight Time),null,7vxFQLlQ93,2015,"[""PH9MVOkf5L""]"
Sk3EkltcLr,Thu Mar 15 2018 15:37:45 GMT-0500 (Central Daylight Time),Thu Mar 15 2018 15:37:45 GMT-0500 (Central Daylight Time),null,Hheqtk2fnw,2017,
UBmusbsY0m,Fri Jul 08 2016 17:13:42 GMT-0500 (Central Daylight Time),Fri Jul 08 2016 17:13:42 GMT-0500 (Central Daylight Time),null,bE8h4EPjOa,2015,"[""tjS65TfQAY""]"
UHjoIZej5M,Mon Mar 27 2017 11:37:04 GMT-0500 (Central Daylight Time),Mon Mar 27 2017 11:37:04 GMT-0500 (Central Daylight Time),null,zQMAAAh5aT,2016,
ULPRU2FgJZ,Fri Jan 01 2016 16:40:20 GMT-0600 (Central Standard Time),Wed Jan 06 2016 20:00:01 GMT-0600 (Central Standard Time),null,SobMXhbxsA,2015,"[""ua99vbHykC"",""s0BF3yzyEF"",""6usXXsh6xl"",""B5cKX4h4FO"",""jYcSi1ExDT"",""LVA2DSq6xR"",""wDUKIoHUdM"",""LuaAhHXuUZ"",""3BvwScNU48"",""iknCbKX3eQ"",""EAaFQF1zwJ"",""pmUbGLFWhH"",""vcOV5NQJc9"",""bHBvdERj00"",""6Yaq4XFaKd"",""3O644CStVI"",""F6vx6uYtmk"",""Ky3IjI9wmp"",""hASRSUlxCL"",""ZRFvKcHPJK"",""1dhP5MmN5N"",""nBwu0mCFk9"",""6XnFBTgmve"",""4bBI8BVWkY"",""nIhCUmsqPY""]"
UiGiabeF91,Thu Oct 06 2016 12:21:42 GMT-0500 (Central Daylight Time),Thu Oct 06 2016 12:21:42 GMT-0500 (Central Daylight Time),null,hIx8aDVbjV,2016,
V3q8K4TofG,Tue Jun 28 2016 18:09:11 GMT-0500 (Central Daylight Time),Tue Jun 28 2016 18:09:11 GMT-0500 (Central Daylight Time),null,i1Q9d8L51D,2015,"[""WtKUvAFj9o""]"
W55EIPjpvy,Sun Oct 09 2016 20:51:56 GMT-0500 (Central Daylight Time),Sun Oct 09 2016 20:51:56 GMT-0500 (Central Daylight Time),null,5YE5IIV3k4,2016,
X9KloBCu2l,Thu Nov 17 2016 10:55:00 GMT-0600 (Central Standard Time),Thu Nov 17 2016 10:55:00 GMT-0600 (Central Standard Time),null,4tA6jxuCvC,2016,
Y8m3UH6HnX,Wed May 20 2020 07:42:32 GMT-0500 (Central Daylight Time),Wed May 20 2020 07:43:02 GMT-0500 (Central Daylight Time),null,OpAp5q8omY,2018,"[""HWQ7Zvn9vx"",""PudHIgqgWl"",""jSs5f6ERKu"",""bsDLphQ3jO"",""GleSf2IZSt"",""rcvwHH8dXo"",""VlltjYDkLQ"",""RlEEeclKW7"",""WnSMsTT2UA"",""0d39rkR0yD"",""2EBJCCjYvr"",""5yxFaiyoQc"",""TErmzKGQ2C"",""sjkMDdTh6h"",""5ADSTR9wJu"",""49Sf4iRiHw"",""AWtHWKkRud"",""EXwQhHDt9S"",""917jFZ5oi8"",""OkYwctsAKC"",""EDa9Mkic30"",""4Gj69Aq3Zp"",""zYxvNRrqR5"",""uS3iy0sCGk"",""MmDyqpu553"",""YYEjpOU7jj"",""RVJQCufF1f"",""xuOdipqavd"",""QNWDr4DGgE"",""rr0q65EEwV""]"
YBdC3L7ThW,Sun Mar 04 2018 20:53:20 GMT-0600 (Central Standard Time),Sun Mar 04 2018 20:53:20 GMT-0600 (Central Standard Time),null,cD5a3uVJvc,2017,
YGl8sxllIN,Sun Apr 10 2016 10:03:57 GMT-0500 (Central Daylight Time),Sun Apr 10 2016 10:48:10 GMT-0500 (Central Daylight Time),null,sDwvaTBIyS,2015,"[""fVoCP39P2P"",""6Yyb6R6LN8"",""9DOHnfBhZT"",""3Zdu2u9GzA"",""7BK3mKitcb"",""tPfqlPk2Px"",""Y8x9DMYXDV"",""Wsouuq73ob"",""cFt3x7Josg"",""OMYEaHOf1j"",""7SG7S8Ilz8"",""lcid2PCUCd"",""xi1W8NtI99"",""50Ns9INOFS"",""NhYjUrOB4Z"",""JsvodrMs8i"",""WHGmxBWdBS"",""1ksPvEWk3G"",""83V3We5QSJ"",""4ijQB41mge"",""Q3yKQ2aosV""]"
aoSwbQRnfG,Wed Oct 25 2017 18:33:13 GMT-0500 (Central Daylight Time),Wed Oct 25 2017 18:33:18 GMT-0500 (Central Daylight Time),null,alS9lskY24,2017,
bgDOzIt3d3,Wed Oct 07 2015 13:33:10 GMT-0500 (Central Daylight Time),Tue Feb 02 2016 20:43:04 GMT-0600 (Central Standard Time),null,72aC65hDVy,2014,"[""xEvey7LHCs"",""0kBR9KgDGS"",""sTfp1xVTJ6"",""BEYDVRhJeB"",""3chZpnf9Am"",""EMWeMkVBVK"",""r0Z63P1ZtU"",""goSgpc30T5"",""mrNtl0DtIC"",""BP4Pq5sWgd"",""p21ZyfS16B"",""RY9uvxgIjJ"",""LXtwA1U1HF"",""WZWslTb1Ss"",""04r1R9pfGT"",""Pnr4BHAnvi"",""wpu4ksFD6S"",""CWl5bsSkzf"",""m3sRG3tBFi"",""NPwL8Dh2y4"",""EnJLWiMjLJ"",""0VOQW5HECu"",""q9N175q8VS"",""KAvbEEnLar"",""WAnRQurUlq"",""Ri17zAc4mq"",""RkbYS79bYA"",""GBOHwub6oF"",""rSajAJDeuJ"",""QYN5vuPsmt"",""eSE8HPACe4"",""TCvR2vp6ja"",""zZn43rvZlb"",""ct7n8OibzN"",""titeRGhaoB""]"
dEHHeyFRNQ,Mon Oct 10 2016 10:19:00 GMT-0500 (Central Daylight Time),Mon Mar 27 2017 12:07:21 GMT-0500 (Central Daylight Time),null,72aC65hDVy,2016,"[""k445afH3xC"",""e3qR7cHiUt"",""9wsDJZt1LF"",""EWaH6EpO6e"",""EnPqkDURdL"",""LOm1LOSK9B"",""AgJAMYYdpK"",""Ae4K4CwdbX"",""WpqITXE6gt"",""Q33TGg7n4h"",""YdQSbEvRfY"",""titeRGhaoB"",""VPjtzA2rCb"",""HCUHlfP7mQ"",""RY9uvxgIjJ"",""hdW2UolblP"",""jtCdq2EWML"",""v8irf5X2pC"",""sUTzyAdtFA"",""yJNLpStfbI"",""WtbIN32Vvc"",""GkiVRch1K4"",""0VOQW5HECu"",""IzRiCkJapn"",""jGguHSBelz"",""G3nNSLEziD"",""WhkylFmkr7"",""kfvNmbHjTI"",""ayUib5fZuR"",""qfOVFUW4gU"",""KyYNOHhaX9"",""fGtZ7fTsGC"",""vPhV9jXeuV"",""zZn43rvZlb"",""cvxz3CUNvs"",""FfuLPPzI3Q""]"
eB3t4Xwwzr,Thu Dec 03 2015 18:09:57 GMT-0600 (Central Standard Time),Thu Dec 03 2015 18:10:06 GMT-0600 (Central Standard Time),null,72aC65hDVy,2013,"[""AFeaZeMTqP"",""xEvey7LHCs"",""0kBR9KgDGS"",""sTfp1xVTJ6"",""BEYDVRhJeB"",""EMWeMkVBVK"",""goSgpc30T5"",""mrNtl0DtIC"",""BP4Pq5sWgd"",""p21ZyfS16B"",""RY9uvxgIjJ"",""LXtwA1U1HF"",""7KjYaMBEnr"",""WZWslTb1Ss"",""04r1R9pfGT"",""Pnr4BHAnvi"",""wpu4ksFD6S"",""CWl5bsSkzf"",""m3sRG3tBFi"",""vrK5cnstnG"",""NPwL8Dh2y4"",""EnJLWiMjLJ"",""0VOQW5HECu"",""q9N175q8VS"",""KAvbEEnLar"",""WAnRQurUlq"",""Ri17zAc4mq"",""RkbYS79bYA"",""GBOHwub6oF"",""rSajAJDeuJ"",""QYN5vuPsmt"",""eSE8HPACe4"",""TCvR2vp6ja"",""ct7n8OibzN"",""zZn43rvZlb""]"
eoc2YoRPJZ,Thu Nov 17 2016 10:54:39 GMT-0600 (Central Standard Time),Thu Nov 17 2016 10:54:39 GMT-0600 (Central Standard Time),null,3p9G6BhuYM,2016,
fJ6Ih1ENlE,Fri Aug 05 2016 00:19:12 GMT-0500 (Central Daylight Time),Fri Aug 05 2016 00:19:12 GMT-0500 (Central Daylight Time),null,NGA0DzgJnH,2015,"[""2WYEsWwtiE"",""R2JiAyzHex"",""PvN4cMv9Wh"",""VlltjYDkLQ"",""4MrUvJXoz2"",""ntVoreAxUn"",""2EBJCCjYvr"",""FvWOSHYX5u"",""edmySsHyjj"",""mU9c3SUI2O"",""SAgTOm6syg"",""JxcAekhk9T"",""1wbOYYpo0L"",""kxNtvQBd9C"",""T9yiyEUNV4"",""JNhvgfWrN5"",""8BBsZ4fjPT"",""vK8du0pwDr"",""4zcw79OSYI"",""PudHIgqgWl"",""0kBR9KgDGS""]"
fuNEQMyDK3,Wed Sep 20 2017 16:46:53 GMT-0500 (Central Daylight Time),Wed Jan 31 2018 12:46:33 GMT-0600 (Central Standard Time),null,ZONaVCJXMP,2017,"[""oDiylfxaCV"",""gtVOlncQQC"",""0kBR9KgDGS"",""yIpPBCdaqx"",""pPsyr6tcke"",""qYoPRC8l59"",""goSgpc30T5"",""mIqPpWYzeE"",""0ZZAI0gpqc"",""mrNtl0DtIC"",""RY9uvxgIjJ"",""qPR6ASM4q8"",""JxcAekhk9T"",""PtV7LlqqWt"",""lmRl9DuW0c"",""IMj8Zz7HWp"",""4pD1BWYoK7"",""hAM7ngJmlm"",""Pnr4BHAnvi"",""qSK2BXeAGt"",""bHBvdERj00"",""6Yaq4XFaKd"",""821oZkfWPo"",""Q9dSvngdsQ"",""lnNVPhfE9P"",""e50Hw33JO1"",""21qrrjSuuO"",""dAPvyRjR6z"",""hRzEthgimk"",""PudHIgqgWl"",""hOWNm6HyjL"",""aN5MeFmEvv""]"
gB1i44n3X4,Sun Mar 04 2018 20:21:17 GMT-0600 (Central Standard Time),Sun Mar 04 2018 20:21:17 GMT-0600 (Central Standard Time),null,weNkSqNAPd,2017,
gDKIZxxvYI,Sat May 02 2020 13:08:39 GMT-0500 (Central Daylight Time),Mon May 04 2020 21:32:20 GMT-0500 (Central Daylight Time),null,7k4NM5D7Jc,2018,"[""kxNtvQBd9C"",""hrgUJmF7lO"",""cWKorMQMSE"",""CqaTISjN4l"",""9HFbnV1aeb"",""HMka5CQ3hU"",""8FqXEZ6U4W"",""GSETlO5nPE"",""mrDNadRX7B"",""aYBxZZMQNi"",""mWvLdSYmOE"",""Msmr5MBZd9"",""8UDRDFDgFD"",""aktQzexPi2"",""B0S9lw0ArQ"",""RY9uvxgIjJ"",""146fDFvKDL"",""4zcw79OSYI"",""CBd4aJg8bD"",""Iay3hxLtDk"",""x41TvKGl8q"",""3EZtucWoNG"",""o7IxZwnJjo"",""V92p96lPjb"",""nOHYrBZDw9"",""rmy6Rl2Vh6"",""sZZvHE2pjX"",""G1Vo0zPxAc"",""UX7xXfL74q"",""R2JiAyzHex""]"
jyvYufpVeF,Tue Feb 19 2019 19:16:39 GMT-0600 (Central Standard Time),Tue Feb 19 2019 19:16:39 GMT-0600 (Central Standard Time),null,FcfiL1DyBo,2012,
l3FqzrWGMu,Mon Aug 02 2021 22:07:07 GMT-0500 (Central Daylight Time),Mon Aug 02 2021 22:07:07 GMT-0500 (Central Daylight Time),null,s8MTQ8xMBE,2021,
ljzdZE6TcG,Tue Dec 15 2015 20:12:40 GMT-0600 (Central Standard Time),Tue Dec 15 2015 20:14:28 GMT-0600 (Central Standard Time),null,vDzQtXa7zd,2015,"[""NNIgEviofN"",""QF7k4ZxrNY"",""HiZ3FaeC5U"",""dMCVHZobPw"",""I76KAGdDhi"",""fXz2qeVzzL"",""f5zNy2qDyY"",""6bY4InEDBz"",""9duPKvfocc"",""Gckn99xUyB"",""F2PlBYAu8o"",""s3NbCGQfAL"",""RKJ1LaoXwt"",""5fUpENut0X"",""jDkwCcjm97"",""zKdgyaNXR3"",""W24AWojUI9"",""CwpT9epLgh"",""3eEBsjIqPx"",""LGTsbePMK7"",""917jFZ5oi8"",""14Fs3oLW3k"",""SWXJBgULk9"",""g41NODsuZ9"",""PvN4cMv9Wh"",""ilMpGNL2NH"",""sXsQojMcQf""]"
mQw1KvGxxO,Sat May 02 2020 13:08:19 GMT-0500 (Central Daylight Time),Sat May 09 2020 23:10:21 GMT-0500 (Central Daylight Time),null,9pknZhSrVp,2018,"[""DFWwqYzMgM"",""3nos6nIoks"",""srV4eiUPnT"",""RLKgXB6VTU"",""cnFzgxE3sV"",""3uzJNkmyCK"",""N2nkCyT2ec"",""zCSbsWs8yE"",""AleeSVhsre"",""DHCppCm3zW"",""ioaZYKUwLQ"",""h17hmYQGiz"",""xVV9EIanBl"",""8G4T1Aoir7"",""Mj8jymrhB4"",""9daFJ0aZbl"",""QIFbXXQS8t"",""ljkUbGB1Tp"",""edmySsHyjj"",""Ri1vbJ6tTJ"",""dHmqv2Hqu4"",""wDizp9KKka"",""3sKVmrowoZ"",""TFPt39RMfN"",""d5bIGEmLA8"",""xlUCfBpymX"",""w9nOcV4GhJ"",""LhPg9yD9sh"",""1ipSE3SoB4"",""jNlB9oft4Q""]"
mvufQ5X96l,Fri Dec 04 2015 03:15:10 GMT-0600 (Central Standard Time),Fri Dec 04 2015 03:15:10 GMT-0600 (Central Standard Time),null,mhnUAAk8wm,2015,"[""2r9lE0JTD9"",""2w88ApPvoN"",""t9xkpjzvNV"",""sDfbmA4Ttc"",""nqYyqafJKp"",""7vFMHlep5R"",""vSRL4EpryJ"",""DV2Dc0vpil"",""Q6j8ylrQqA"",""jX2A3dwye7"",""Jx4iK5wXqR"",""C1UvChllxf"",""ocFwmFamq5"",""fcTtIDN9FC"",""dicymqlngg"",""5tUuCBXwmd"",""TplXj85nec"",""wBNlg0lrRT"",""LbXU1XRLPj"",""H7Cut8lEc8""]"
n0mliyvrZF,Wed Dec 30 2015 15:24:26 GMT-0600 (Central Standard Time),Fri Jan 01 2016 13:20:51 GMT-0600 (Central Standard Time),null,fOslL2YWS4,2015,"[""oyxwTIIXQd"",""QK7VvpQ7Ye"",""8A2mysJ41Q"",""A5r2zqeLLI"",""uIQbM1Xo6O"",""LbOTBtVDoC"",""4ecsJccKdH"",""wEl5uLFDca"",""AZyQwU46XD"",""ObNSSxANSy"",""doKS9xxasl"",""NcJGiQUCSN"",""yKiUR4yvEq""]"
n1KlomcMeL,Thu Apr 27 2017 19:38:48 GMT-0500 (Central Daylight Time),Wed Jul 19 2017 19:40:36 GMT-0500 (Central Daylight Time),null,pFe1cFCeHX,2016,"[""gtVOlncQQC"",""0kBR9KgDGS"",""rNftxUngJs"",""90dAl4qsWY"",""WxjGC1F5w3"",""trIGl5DVFO"",""Mdx3iwNhN6"",""NL7recSlBT"",""aN5MeFmEvv"",""W7vafG77MW"",""JxcAekhk9T"",""v34SZAlh8O"",""hOWNm6HyjL"",""27M9vbdzYO"",""qRwW208UJw"",""DJM2eQTxk4"",""Or3LsE3utV"",""Q9dSvngdsQ"",""lnNVPhfE9P"",""HPCHD4D36J"",""D2q0Z2xQgb"",""JF3jET8F7M"",""21qrrjSuuO"",""05lzyaXFSv"",""JOfceEIbBi"",""SKIudPh2NP"",""DDIhpXqEa7"",""PudHIgqgWl"",""W4hKFIIIGz""]"
nR3BMJIua8,Mon Nov 30 2015 16:49:04 GMT-0600 (Central Standard Time),Thu Nov 23 2017 00:52:52 GMT-0600 (Central Standard Time),null,72aC65hDVy,2017,"[""AFeaZeMTqP"",""xEvey7LHCs"",""0kBR9KgDGS"",""sTfp1xVTJ6"",""EWaH6EpO6e"",""mli5chzk4x"",""BEYDVRhJeB"",""AgJAMYYdpK"",""EMWeMkVBVK"",""ZyEpTzSOQD"",""goSgpc30T5"",""YdQSbEvRfY"",""mrNtl0DtIC"",""VPjtzA2rCb"",""p21ZyfS16B"",""BP4Pq5sWgd"",""HCUHlfP7mQ"",""RY9uvxgIjJ"",""hdW2UolblP"",""LXtwA1U1HF"",""7KjYaMBEnr"",""WZWslTb1Ss"",""yJNLpStfbI"",""04r1R9pfGT"",""Pnr4BHAnvi"",""wpu4ksFD6S"",""CWl5bsSkzf"",""m3sRG3tBFi"",""vrK5cnstnG"",""NPwL8Dh2y4"",""EnJLWiMjLJ"",""0VOQW5HECu"",""q9N175q8VS"",""KAvbEEnLar"",""WAnRQurUlq"",""IzRiCkJapn"",""Ri17zAc4mq"",""w6z4qw5geu"",""RkbYS79bYA"",""rqUtJxrM7K"",""G3nNSLEziD"",""GBOHwub6oF"",""rSajAJDeuJ"",""ayUib5fZuR"",""QYN5vuPsmt"",""qfOVFUW4gU"",""eSE8HPACe4"",""TCvR2vp6ja"",""KyYNOHhaX9"",""fGtZ7fTsGC"",""vPhV9jXeuV"",""TS8SnBqVFz"",""1kkji8gF15"",""ct7n8OibzN"",""zZn43rvZlb"",""cvxz3CUNvs"",""kfvNmbHjTI"",""9wsDJZt1LF"",""3Pvo7UrTK7"",""XrNGC0pERc""]"
oCgnQiiGol,Sun Feb 07 2016 14:09:19 GMT-0600 (Central Standard Time),Sun Feb 07 2016 14:09:19 GMT-0600 (Central Standard Time),null,TrU7dwBcP0,2015,"[""cWKorMQMSE"",""6wGYZGKtgM"",""MqPTpfWOX3"",""ZOVtLKd6wL"",""l7qrDDzKZN"",""mrDNadRX7B"",""0GB7IPg4zT"",""Y5x11UCBub"",""B0S9lw0ArQ"",""WBxBV8iYax"",""v609tUEu57"",""4zcw79OSYI"",""kxNtvQBd9C"",""MmDyqpu553"",""10KthNxoic"",""Pe2rJiAKQO"",""FvWOSHYX5u"",""R2JiAyzHex""]"
oiU5pSpcdI,Sun Feb 28 2016 12:45:22 GMT-0600 (Central Standard Time),Sun Feb 28 2016 12:45:22 GMT-0600 (Central Standard Time),null,CNmYv3w3iX,2015,"[""U1qGwvLiGF"",""SIzdcMaPVu"",""6ejyw0QB9A"",""1guvCnyOo4"",""w9nOcV4GhJ"",""wDizp9KKka"",""fie9dEufG5"",""pB3C4ecGkj"",""vf2g5GyUAM"",""cyaXgQxYfB"",""DHCppCm3zW"",""YidxdfMjXb"",""MwJmip2TqV"",""DixBF5AhZr"",""gECFJIS0w0"",""lja70oE9Hd"",""A4HSc2L1iZ"",""s0vwgTl2jx"",""9a1lv4F2gg"",""wHXXofvoSI"",""vK8du0pwDr"",""u4IPf2RMig""]"
q3jFQ9cUBp,Mon Feb 18 2019 20:44:37 GMT-0600 (Central Standard Time),Mon Feb 18 2019 20:44:37 GMT-0600 (Central Standard Time),null,Y0cHofeNs5,2012,
rkXSr1MCeU,Tue Nov 08 2016 12:51:52 GMT-0600 (Central Standard Time),Tue Nov 08 2016 12:51:52 GMT-0600 (Central Standard Time),null,XAty8SwwgQ,2016,
sGKEa6E6Rr,Tue Nov 08 2016 12:52:21 GMT-0600 (Central Standard Time),Tue Nov 08 2016 12:52:21 GMT-0600 (Central Standard Time),null,RYYs0N15Cd,2016,
sWUnB3Uo6F,Mon Dec 21 2015 22:47:19 GMT-0600 (Central Standard Time),Tue Dec 22 2015 22:12:49 GMT-0600 (Central Standard Time),null,OpAp5q8omY,2015,"[""49Sf4iRiHw"",""xuOdipqavd"",""2I65PJ2UkN"",""EDa9Mkic30"",""xlUCfBpymX"",""kVgXwGPS1I"",""VlltjYDkLQ"",""GSETlO5nPE"",""2EBJCCjYvr"",""x41TvKGl8q"",""4XwHB2nD25"",""sf5YrnBONq"",""Wjoll7ldmS"",""dvpP73SroT"",""CN3vveLMBh"",""CUY5DnEPS1"",""pIiaQ04Wye"",""pyWjoO5Ygw"",""RLKgXB6VTU"",""ToxwwZq2Gb"",""b8sfgFcehS""]"
tZfKX3YiXB,Tue May 05 2020 21:54:12 GMT-0500 (Central Daylight Time),Tue May 05 2020 21:54:14 GMT-0500 (Central Daylight Time),null,0eHM4yAUtR,2012,"[""0VOQW5HECu""]"
tk5NBvXm4s,Wed Jan 31 2018 12:22:18 GMT-0600 (Central Standard Time),Wed Jan 31 2018 12:22:18 GMT-0600 (Central Standard Time),null,0eHM4yAUtR,2017,
ttp7tjcCF7,Mon Dec 21 2015 16:06:12 GMT-0600 (Central Standard Time),Mon Dec 21 2015 16:08:12 GMT-0600 (Central Standard Time),null,Bmlv3mbbOu,2015,"[""KDvKmXez7t"",""h8Jr8xhx7T"",""pbTGgMlYmM"",""TuYhqFFZsb"",""lYGunCSSpp"",""KLI41SYqIw"",""RSkGPEFTzt"",""qc6ai8jscJ"",""jcO5d1boYl"",""Rb19zmagz9"",""44FLRvEEyQ"",""GA2kMshz0W"",""6C5R1VNM6H"",""Gg1gI51g94"",""vYOuy746w5""]"
tzG2dx1zwl,Tue Dec 15 2015 15:44:56 GMT-0600 (Central Standard Time),Tue Dec 15 2015 15:49:17 GMT-0600 (Central Standard Time),null,aguEb8e6HQ,2015,"[""Fo6Hn64CVO"",""QUGvcF0cCi"",""7a2BqBJxYQ"",""YeXdUkGJ79"",""CAu1NHal4T"",""LTtUAAFC8z"",""LfOT6FpyQK"",""XEK32Ftjg9"",""8oboyaBuhl"",""1NshNc2IjW"",""rQw1axwn13"",""r0S1KNgpQA"",""CoEXxBGIia"",""qYoPRC8l59"",""GOHrz7SwWx"",""qOY7iucJzn"",""xeDwBcaQrs"",""Wvq3AaiVS3"",""Swuqyy3V0s"",""821oZkfWPo"",""e50Hw33JO1"",""Uuj3mEuVyB"",""E3whK7u5wR"",""cKoMEDQS4x"",""bAIpy4mCni"",""1uGXHEoi8C"",""PtV7LlqqWt"",""cdVOvSJUML"",""WZhKZeRodR"",""qlEtv4IVa8""]"
uCU9Hy2lQ0,Thu Aug 06 2020 08:10:01 GMT-0500 (Central Daylight Time),Thu Aug 06 2020 08:10:01 GMT-0500 (Central Daylight Time),null,KduR7D9hUY,2020,"[""ziMaYPgMtA"",""bLF2VXp3rj"",""Kvq6EOqDw6"",""v44CZ35Ltj"",""ib3I1F31VE"",""M8rDwezD2Q"",""60PvE3ZZSh"",""xP7TxiRr8l"",""HEzMUszkrK"",""W4EryBgzr2"",""HA4LkSwB0g"",""u6cHD4QC6W"",""GcNIEnnzeD"",""kaB53IIkcF"",""32KAlNlpTy"",""F7ulI804YN"",""vGKprmpFkS"",""amDy05fX21"",""KqIC9pKL3Q"",""JfTAAlBiAS"",""1ZwbdJU2w3"",""HGgnmViRGT"",""7fFXDeqHdu"",""CHkFadSPH6"",""uUs1wVBq5O""]"
v77MIhDzwH,Sun Nov 13 2016 00:11:02 GMT-0600 (Central Standard Time),Thu Feb 02 2017 10:48:08 GMT-0600 (Central Standard Time),null,ZONaVCJXMP,2016,"[""yIpPBCdaqx"",""goSgpc30T5"",""mrNtl0DtIC"",""lmRl9DuW0c"",""CAu1NHal4T"",""EnJLWiMjLJ"",""yEgSipeeHP"",""kJ1rk0IS0l"",""e50Hw33JO1"",""jtBUAZcoR2"",""hRzEthgimk"",""6Hx1uYR7HI"",""0ZZAI0gpqc"",""Q9dSvngdsQ"",""WXKZbB952g"",""oDiylfxaCV"",""mIqPpWYzeE"",""qSK2BXeAGt"",""pPsyr6tcke"",""cU8Yol3BRT"",""0kBR9KgDGS""]"
w467iF6DrD,Wed Dec 20 2017 20:54:36 GMT-0600 (Central Standard Time),Wed Dec 20 2017 20:54:36 GMT-0600 (Central Standard Time),null,ztGBBQuCSH,2017,
w8yq8tQHmB,Mon Oct 23 2017 18:43:00 GMT-0500 (Central Daylight Time),Mon Oct 23 2017 18:43:42 GMT-0500 (Central Daylight Time),null,RB5Ov9alvr,2017,
wkChSt44sZ,Wed Mar 14 2018 12:33:57 GMT-0500 (Central Daylight Time),Wed Mar 14 2018 12:33:57 GMT-0500 (Central Daylight Time),null,Gf7Lbvl78R,2016,
xvvitAruE8,Mon Mar 27 2017 11:36:54 GMT-0500 (Central Daylight Time),Mon Mar 27 2017 11:36:54 GMT-0500 (Central Daylight Time),null,eexnypd9Ax,2016,
yr4zRUiMzj,Sat Jan 09 2016 07:42:41 GMT-0600 (Central Standard Time),Sat Jan 09 2016 07:42:41 GMT-0600 (Central Standard Time),null,atU0l1Ej8N,2014,"[""KP0ilTFhPE"",""0I9vMic7sa"",""ocFwmFamq5"",""LUVj0MbklD"",""aCzejLdOxO"",""4xwU5ek8FO"",""FmVwUEaGGa"",""JrBzRJ6MDO"",""gyktNOwSNS"",""VGba88dJ9H"",""C1UvChllxf"",""ecIhH3ghmd"",""i7NlJqFc3N"",""pqyTXagMH7"",""jX2A3dwye7"",""LbXU1XRLPj""]"
zaiZsJIcln,Thu Jun 23 2016 13:11:24 GMT-0500 (Central Daylight Time),Thu Jun 23 2016 13:11:24 GMT-0500 (Central Daylight Time),null,cYlqGU5idc,2015,"[""jr0uUuLTYG""]"
