objectId,fall_year,vid_id,ACL,bludger_count,time,updatedAt,author_id,stat_name,player_in_id,player_id,createdAt,team_id
01axrFEXor,2017,UduPUwNkXKU,null,2,2365,Wed Feb 07 2018 20:30:38 GMT-0600 (Central Standard Time),PnUcE7oTGf,OFFENSE,,,Wed Feb 07 2018 20:30:38 GMT-0600 (Central Standard Time),0eHM4yAUtR
0BmY6FQQbe,2017,UduPUwNkXKU,null,2,264,Wed Jan 31 2018 12:38:46 GMT-0600 (Central Standard Time),PnUcE7oTGf,OFFENSE,,,Wed Jan 31 2018 12:38:46 GMT-0600 (Central Standard Time),0eHM4yAUtR
0KVfovwj4f,2017,UduPUwNkXKU,null,1,2955,Wed Feb 07 2018 21:02:40 GMT-0600 (Central Standard Time),PnUcE7oTGf,DEFENSE,,,Wed Feb 07 2018 21:02:40 GMT-0600 (Central Standard Time),ZONaVCJXMP
0Lh424APZe,2017,UduPUwNkXKU,null,2,2365,Wed Feb 07 2018 20:30:38 GMT-0600 (Central Standard Time),PnUcE7oTGf,DEFENSE,,,Wed Feb 07 2018 20:30:38 GMT-0600 (Central Standard Time),ZONaVCJXMP
0MLSBgAywX,2017,UduPUwNkXKU,null,,2550,Wed Feb 07 2018 20:47:30 GMT-0600 (Central Standard Time),PnUcE7oTGf,GAIN_CONTROL,,,Wed Feb 07 2018 20:47:30 GMT-0600 (Central Standard Time),ZONaVCJXMP
0S9k6KQug1,2017,UduPUwNkXKU,null,,2550,Wed Feb 07 2018 20:47:30 GMT-0600 (Central Standard Time),PnUcE7oTGf,LOSE_CONTROL,,,Wed Feb 07 2018 20:47:30 GMT-0600 (Central Standard Time),0eHM4yAUtR
0XoqE4S6g8,2017,UduPUwNkXKU,null,,0,Wed Jan 31 2018 12:26:05 GMT-0600 (Central Standard Time),PnUcE7oTGf,SUB,oDiylfxaCV,chaserB,Wed Jan 31 2018 12:26:05 GMT-0600 (Central Standard Time),ZONaVCJXMP
0cIB02DA7B,2017,UduPUwNkXKU,null,,1872,Wed Jan 31 2018 17:14:03 GMT-0600 (Central Standard Time),PnUcE7oTGf,GAIN_CONTROL,,,Wed Jan 31 2018 17:14:03 GMT-0600 (Central Standard Time),ZONaVCJXMP
0kzyeaCTO3,2017,UduPUwNkXKU,null,0,1309,Wed Jan 31 2018 13:05:13 GMT-0600 (Central Standard Time),PnUcE7oTGf,OFFENSE,,,Wed Jan 31 2018 13:05:13 GMT-0600 (Central Standard Time),0eHM4yAUtR
17u10elkzT,2017,UduPUwNkXKU,null,,2660,Wed Feb 07 2018 20:50:57 GMT-0600 (Central Standard Time),PnUcE7oTGf,TURNOVER,,pPsyr6tcke,Wed Feb 07 2018 20:50:57 GMT-0600 (Central Standard Time),ZONaVCJXMP
1FbWoFxA92,2017,UduPUwNkXKU,null,0,2014,Wed Feb 07 2018 19:56:55 GMT-0600 (Central Standard Time),PnUcE7oTGf,DEFENSE,,,Wed Feb 07 2018 19:56:55 GMT-0600 (Central Standard Time),0eHM4yAUtR
1HA6NszNTH,2017,UduPUwNkXKU,null,,1193,Wed Jan 31 2018 13:02:01 GMT-0600 (Central Standard Time),PnUcE7oTGf,START_CLOCK,,,Wed Jan 31 2018 13:02:01 GMT-0600 (Central Standard Time),ZONaVCJXMP
1MhxHdNyUe,2017,UduPUwNkXKU,null,0,2955,Wed Feb 07 2018 21:02:39 GMT-0600 (Central Standard Time),PnUcE7oTGf,OFFENSE,,,Wed Feb 07 2018 21:02:39 GMT-0600 (Central Standard Time),0eHM4yAUtR
1QmPxC3AGk,2017,UduPUwNkXKU,null,,1027,Wed Jan 31 2018 13:00:13 GMT-0600 (Central Standard Time),PnUcE7oTGf,AWAY_GOAL,,,Wed Jan 31 2018 13:00:13 GMT-0600 (Central Standard Time),ZONaVCJXMP
1eHVNKZ3el,2017,UduPUwNkXKU,null,,2396,Wed Feb 07 2018 20:32:08 GMT-0600 (Central Standard Time),PnUcE7oTGf,GOAL,,mrNtl0DtIC,Wed Feb 07 2018 20:32:08 GMT-0600 (Central Standard Time),ZONaVCJXMP
1v8GG3OjEO,2017,UduPUwNkXKU,null,,2791,Wed Feb 07 2018 20:56:44 GMT-0600 (Central Standard Time),PnUcE7oTGf,LOSE_CONTROL,,,Wed Feb 07 2018 20:56:44 GMT-0600 (Central Standard Time),ZONaVCJXMP
2IOv6RVoTZ,2017,UduPUwNkXKU,null,,2513,Wed Feb 07 2018 20:44:02 GMT-0600 (Central Standard Time),PnUcE7oTGf,GAIN_CONTROL,,,Wed Feb 07 2018 20:44:02 GMT-0600 (Central Standard Time),0eHM4yAUtR
2P0OvHYgJE,2017,UduPUwNkXKU,null,,2351,Wed Feb 07 2018 20:25:46 GMT-0600 (Central Standard Time),PnUcE7oTGf,ASSIST,,0kBR9KgDGS,Wed Feb 07 2018 20:25:46 GMT-0600 (Central Standard Time),ZONaVCJXMP
2ZeEeDYCEf,2017,UduPUwNkXKU,null,,1753,Wed Jan 31 2018 16:58:32 GMT-0600 (Central Standard Time),PnUcE7oTGf,TURNOVER,,pPsyr6tcke,Wed Jan 31 2018 16:58:32 GMT-0600 (Central Standard Time),ZONaVCJXMP
2al4XVzxAo,2017,UduPUwNkXKU,null,2,854,Wed Jan 31 2018 12:56:07 GMT-0600 (Central Standard Time),PnUcE7oTGf,OFFENSE,,,Wed Jan 31 2018 12:56:07 GMT-0600 (Central Standard Time),ZONaVCJXMP
2iCn5OPEiL,2017,UduPUwNkXKU,null,1,352,Wed Jan 31 2018 12:43:46 GMT-0600 (Central Standard Time),PnUcE7oTGf,DEFENSE,,,Wed Jan 31 2018 12:43:46 GMT-0600 (Central Standard Time),0eHM4yAUtR
2nVGeqeru3,2017,UduPUwNkXKU,null,0,827,Wed Jan 31 2018 12:55:17 GMT-0600 (Central Standard Time),PnUcE7oTGf,OFFENSE,,,Wed Jan 31 2018 12:55:17 GMT-0600 (Central Standard Time),ZONaVCJXMP
2p8oYQSkfU,2017,UduPUwNkXKU,null,,2382,Wed Feb 07 2018 20:31:46 GMT-0600 (Central Standard Time),PnUcE7oTGf,TAKEAWAY,,21qrrjSuuO,Wed Feb 07 2018 20:31:46 GMT-0600 (Central Standard Time),ZONaVCJXMP
2zGmy5iYPj,2017,UduPUwNkXKU,null,2,264,Wed Jan 31 2018 12:38:47 GMT-0600 (Central Standard Time),PnUcE7oTGf,DEFENSE,,,Wed Jan 31 2018 12:38:47 GMT-0600 (Central Standard Time),ZONaVCJXMP
3jzO15mUOd,2017,UduPUwNkXKU,null,2,151,Wed Jan 31 2018 12:34:03 GMT-0600 (Central Standard Time),PnUcE7oTGf,DEFENSE,,,Wed Jan 31 2018 12:34:03 GMT-0600 (Central Standard Time),ZONaVCJXMP
3ki5ARupQ8,2017,UduPUwNkXKU,null,,1861,Wed Jan 31 2018 17:13:54 GMT-0600 (Central Standard Time),PnUcE7oTGf,GAIN_CONTROL,,,Wed Jan 31 2018 17:13:54 GMT-0600 (Central Standard Time),0eHM4yAUtR
3vKncETLOi,2017,UduPUwNkXKU,null,,2672,Wed Feb 07 2018 20:51:44 GMT-0600 (Central Standard Time),PnUcE7oTGf,GOAL,,,Wed Feb 07 2018 20:51:44 GMT-0600 (Central Standard Time),0eHM4yAUtR
3xXWjHCx1P,2017,UduPUwNkXKU,null,,2718,Wed Feb 07 2018 20:54:25 GMT-0600 (Central Standard Time),PnUcE7oTGf,AWAY_GOAL,,,Wed Feb 07 2018 20:54:25 GMT-0600 (Central Standard Time),ZONaVCJXMP
423FCgKzDs,2017,UduPUwNkXKU,null,2,1755,Wed Jan 31 2018 17:00:18 GMT-0600 (Central Standard Time),PnUcE7oTGf,OFFENSE,,,Wed Jan 31 2018 17:00:18 GMT-0600 (Central Standard Time),0eHM4yAUtR
4CDJ3RD2sK,2017,UduPUwNkXKU,null,,2497,Wed Feb 07 2018 20:42:05 GMT-0600 (Central Standard Time),PnUcE7oTGf,START_CLOCK,,,Wed Feb 07 2018 20:42:05 GMT-0600 (Central Standard Time),0eHM4yAUtR
4F3NVAUGte,2017,UduPUwNkXKU,null,,103,Wed Jan 31 2018 12:32:38 GMT-0600 (Central Standard Time),PnUcE7oTGf,AWAY_GOAL,,,Wed Jan 31 2018 12:32:38 GMT-0600 (Central Standard Time),ZONaVCJXMP
4N8wPgd3Tx,2017,UduPUwNkXKU,null,,2970,Wed Feb 07 2018 21:02:21 GMT-0600 (Central Standard Time),PnUcE7oTGf,AWAY_GOAL,,,Wed Feb 07 2018 21:02:21 GMT-0600 (Central Standard Time),ZONaVCJXMP
4QBOfOzezA,2017,UduPUwNkXKU,null,,1632,Wed Jan 31 2018 17:00:09 GMT-0600 (Central Standard Time),PnUcE7oTGf,GAIN_CONTROL,,,Wed Jan 31 2018 17:00:09 GMT-0600 (Central Standard Time),ZONaVCJXMP
4QpOnX1Dyf,2017,UduPUwNkXKU,null,,2529,Wed Feb 07 2018 20:45:54 GMT-0600 (Central Standard Time),PnUcE7oTGf,SHOT,,oDiylfxaCV,Wed Feb 07 2018 20:45:54 GMT-0600 (Central Standard Time),ZONaVCJXMP
4dnk1Q4bgA,2017,UduPUwNkXKU,null,2,1755,Wed Jan 31 2018 17:00:18 GMT-0600 (Central Standard Time),PnUcE7oTGf,DEFENSE,,,Wed Jan 31 2018 17:00:18 GMT-0600 (Central Standard Time),ZONaVCJXMP
51Bezu6o3z,2017,UduPUwNkXKU,null,2,2072,Wed Feb 07 2018 20:12:46 GMT-0600 (Central Standard Time),PnUcE7oTGf,DEFENSE,,,Wed Feb 07 2018 20:12:46 GMT-0600 (Central Standard Time),ZONaVCJXMP
5DoXmj119X,2017,UduPUwNkXKU,null,,71,Wed Jan 31 2018 12:30:52 GMT-0600 (Central Standard Time),PnUcE7oTGf,AWAY_GOAL,,,Wed Jan 31 2018 12:30:52 GMT-0600 (Central Standard Time),0eHM4yAUtR
5US7ZYnAr1,2017,UduPUwNkXKU,null,,299,Wed Jan 31 2018 12:40:41 GMT-0600 (Central Standard Time),PnUcE7oTGf,START_CLOCK,,,Wed Jan 31 2018 12:40:41 GMT-0600 (Central Standard Time),0eHM4yAUtR
5iEpkiEyxm,2017,UduPUwNkXKU,null,,1542,Wed Jan 31 2018 13:13:25 GMT-0600 (Central Standard Time),PnUcE7oTGf,AWAY_GOAL,,,Wed Jan 31 2018 13:13:25 GMT-0600 (Central Standard Time),0eHM4yAUtR
66Ev2ZzV6x,2017,UduPUwNkXKU,null,1,55,Wed Jan 31 2018 12:30:18 GMT-0600 (Central Standard Time),PnUcE7oTGf,OFFENSE,,,Wed Jan 31 2018 12:30:18 GMT-0600 (Central Standard Time),ZONaVCJXMP
6F4kGYNqPj,2017,UduPUwNkXKU,null,2,1841,Wed Jan 31 2018 17:01:50 GMT-0600 (Central Standard Time),PnUcE7oTGf,DEFENSE,,,Wed Jan 31 2018 17:01:50 GMT-0600 (Central Standard Time),ZONaVCJXMP
6HVSODIl0i,2017,UduPUwNkXKU,null,,172,Wed Jan 31 2018 12:34:32 GMT-0600 (Central Standard Time),PnUcE7oTGf,TAKEAWAY,,gtVOlncQQC,Wed Jan 31 2018 12:34:32 GMT-0600 (Central Standard Time),ZONaVCJXMP
6LVqy5TBSy,2017,UduPUwNkXKU,null,,299,Wed Jan 31 2018 12:40:40 GMT-0600 (Central Standard Time),PnUcE7oTGf,START_CLOCK,,,Wed Jan 31 2018 12:40:40 GMT-0600 (Central Standard Time),ZONaVCJXMP
6PYKG7N2tl,2017,UduPUwNkXKU,null,2,1588,Wed Jan 31 2018 16:56:16 GMT-0600 (Central Standard Time),PnUcE7oTGf,DEFENSE,,,Wed Jan 31 2018 16:56:16 GMT-0600 (Central Standard Time),ZONaVCJXMP
6aeb0dT6oz,2017,UduPUwNkXKU,null,,1974,Wed Feb 07 2018 19:55:26 GMT-0600 (Central Standard Time),PnUcE7oTGf,AWAY_GOAL,,,Wed Feb 07 2018 19:55:26 GMT-0600 (Central Standard Time),ZONaVCJXMP
6nbFOA6LjX,2017,UduPUwNkXKU,null,,1424,Wed Jan 31 2018 13:09:07 GMT-0600 (Central Standard Time),PnUcE7oTGf,ASSIST,,mrNtl0DtIC,Wed Jan 31 2018 13:09:07 GMT-0600 (Central Standard Time),ZONaVCJXMP
6rdZiYiWJI,2017,UduPUwNkXKU,null,,2882,Wed Feb 07 2018 20:59:38 GMT-0600 (Central Standard Time),PnUcE7oTGf,GAIN_CONTROL,,,Wed Feb 07 2018 20:59:38 GMT-0600 (Central Standard Time),ZONaVCJXMP
6st2QwcK1A,2017,UduPUwNkXKU,null,,2502,Wed Feb 07 2018 20:42:26 GMT-0600 (Central Standard Time),PnUcE7oTGf,SUB,e50Hw33JO1,0kBR9KgDGS,Wed Feb 07 2018 20:42:26 GMT-0600 (Central Standard Time),ZONaVCJXMP
7AEq7A9UbY,2017,UduPUwNkXKU,null,2,2518,Wed Feb 07 2018 20:45:37 GMT-0600 (Central Standard Time),PnUcE7oTGf,DEFENSE,,,Wed Feb 07 2018 20:45:37 GMT-0600 (Central Standard Time),0eHM4yAUtR
7MrfJzRwIg,2017,UduPUwNkXKU,null,,2954,Wed Feb 07 2018 21:01:43 GMT-0600 (Central Standard Time),PnUcE7oTGf,START_CLOCK,,,Wed Feb 07 2018 21:01:43 GMT-0600 (Central Standard Time),0eHM4yAUtR
7NFKJXfaGd,2017,UduPUwNkXKU,null,,1155,Wed Jan 31 2018 13:01:29 GMT-0600 (Central Standard Time),PnUcE7oTGf,SWAP,lnNVPhfE9P,pPsyr6tcke,Wed Jan 31 2018 13:01:29 GMT-0600 (Central Standard Time),ZONaVCJXMP
7ON1YebeKN,2017,UduPUwNkXKU,null,0,1215,Wed Jan 31 2018 13:03:24 GMT-0600 (Central Standard Time),PnUcE7oTGf,OFFENSE,,,Wed Jan 31 2018 13:03:24 GMT-0600 (Central Standard Time),0eHM4yAUtR
7S4rzPhvi3,2017,UduPUwNkXKU,null,,2882,Wed Feb 07 2018 20:59:10 GMT-0600 (Central Standard Time),PnUcE7oTGf,AWAY_GOAL,,,Wed Feb 07 2018 20:59:10 GMT-0600 (Central Standard Time),0eHM4yAUtR
7UBTxwuWaF,2017,UduPUwNkXKU,null,2,1950,Wed Feb 07 2018 19:54:49 GMT-0600 (Central Standard Time),PnUcE7oTGf,OFFENSE,,,Wed Feb 07 2018 19:54:49 GMT-0600 (Central Standard Time),0eHM4yAUtR
7VFPyaXnY0,2017,UduPUwNkXKU,null,0,2508,Wed Feb 07 2018 20:43:54 GMT-0600 (Central Standard Time),PnUcE7oTGf,DEFENSE,,,Wed Feb 07 2018 20:43:54 GMT-0600 (Central Standard Time),0eHM4yAUtR
7gbiTsPzjW,2017,UduPUwNkXKU,null,1,1479,Wed Jan 31 2018 13:11:28 GMT-0600 (Central Standard Time),PnUcE7oTGf,DEFENSE,,,Wed Jan 31 2018 13:11:28 GMT-0600 (Central Standard Time),ZONaVCJXMP
7htKXLSCxy,2017,UduPUwNkXKU,null,,1505,Wed Jan 31 2018 13:14:09 GMT-0600 (Central Standard Time),PnUcE7oTGf,LOSE_CONTROL,,,Wed Jan 31 2018 13:14:09 GMT-0600 (Central Standard Time),0eHM4yAUtR
7kInqHWM3P,2017,UduPUwNkXKU,null,,379,Wed Jan 31 2018 12:44:22 GMT-0600 (Central Standard Time),PnUcE7oTGf,PAUSE_CLOCK,,,Wed Jan 31 2018 12:44:22 GMT-0600 (Central Standard Time),ZONaVCJXMP
7kOZLSm9Cs,2017,UduPUwNkXKU,null,,824,Wed Jan 31 2018 12:54:51 GMT-0600 (Central Standard Time),PnUcE7oTGf,START_CLOCK,,,Wed Jan 31 2018 12:54:51 GMT-0600 (Central Standard Time),ZONaVCJXMP
7wQ2s7EsUI,2017,UduPUwNkXKU,null,,1225,Wed Jan 31 2018 13:03:36 GMT-0600 (Central Standard Time),PnUcE7oTGf,AWAY_GOAL,,,Wed Jan 31 2018 13:03:36 GMT-0600 (Central Standard Time),ZONaVCJXMP
84Xu60kBC7,2017,UduPUwNkXKU,null,1,2132,Wed Feb 07 2018 20:13:58 GMT-0600 (Central Standard Time),PnUcE7oTGf,DEFENSE,,,Wed Feb 07 2018 20:13:58 GMT-0600 (Central Standard Time),0eHM4yAUtR
86EYpYq3KQ,2017,UduPUwNkXKU,null,,2862,Wed Feb 07 2018 20:58:44 GMT-0600 (Central Standard Time),PnUcE7oTGf,START_CLOCK,,,Wed Feb 07 2018 20:58:44 GMT-0600 (Central Standard Time),ZONaVCJXMP
8NeIxzZHtf,2017,UduPUwNkXKU,null,1,2014,Wed Feb 07 2018 19:56:56 GMT-0600 (Central Standard Time),PnUcE7oTGf,DEFENSE,,,Wed Feb 07 2018 19:56:56 GMT-0600 (Central Standard Time),0eHM4yAUtR
8PVhEv5Ecw,2017,UduPUwNkXKU,null,2,2261,Wed Feb 07 2018 20:15:41 GMT-0600 (Central Standard Time),PnUcE7oTGf,DEFENSE,,,Wed Feb 07 2018 20:15:41 GMT-0600 (Central Standard Time),ZONaVCJXMP
8XrFGZJE75,2017,UduPUwNkXKU,null,2,325,Wed Jan 31 2018 12:42:03 GMT-0600 (Central Standard Time),PnUcE7oTGf,DEFENSE,,,Wed Jan 31 2018 12:42:03 GMT-0600 (Central Standard Time),ZONaVCJXMP
8ke5Xys1bk,2017,UduPUwNkXKU,null,,3019,Wed Feb 07 2018 21:04:45 GMT-0600 (Central Standard Time),PnUcE7oTGf,SNITCH_CATCH,,Q9dSvngdsQ,Wed Feb 07 2018 21:04:45 GMT-0600 (Central Standard Time),ZONaVCJXMP
8p3GuKL3fY,2017,UduPUwNkXKU,null,,2137,Wed Feb 07 2018 20:14:11 GMT-0600 (Central Standard Time),PnUcE7oTGf,AWAY_GOAL,,,Wed Feb 07 2018 20:14:11 GMT-0600 (Central Standard Time),0eHM4yAUtR
8w7qjRHzbX,2017,UduPUwNkXKU,null,1,1922,Wed Feb 07 2018 19:52:02 GMT-0600 (Central Standard Time),PnUcE7oTGf,DEFENSE,,,Wed Feb 07 2018 19:52:02 GMT-0600 (Central Standard Time),0eHM4yAUtR
9GiUd1HvuQ,2017,UduPUwNkXKU,null,1,304,Wed Jan 31 2018 12:41:05 GMT-0600 (Central Standard Time),PnUcE7oTGf,DEFENSE,,,Wed Jan 31 2018 12:41:05 GMT-0600 (Central Standard Time),0eHM4yAUtR
9LdaiDZHhV,2017,UduPUwNkXKU,null,1,1436,Wed Jan 31 2018 13:09:28 GMT-0600 (Central Standard Time),PnUcE7oTGf,DEFENSE,,,Wed Jan 31 2018 13:09:28 GMT-0600 (Central Standard Time),ZONaVCJXMP
9SmpINRpZT,2017,UduPUwNkXKU,null,,1779,Wed Jan 31 2018 17:01:04 GMT-0600 (Central Standard Time),PnUcE7oTGf,AWAY_GOAL,,,Wed Jan 31 2018 17:01:04 GMT-0600 (Central Standard Time),0eHM4yAUtR
9YfkBuqFPy,2017,UduPUwNkXKU,null,,133,Wed Jan 31 2018 12:33:40 GMT-0600 (Central Standard Time),PnUcE7oTGf,GOAL,,pPsyr6tcke,Wed Jan 31 2018 12:33:40 GMT-0600 (Central Standard Time),ZONaVCJXMP
9aEkc4tEVl,2017,UduPUwNkXKU,null,,1890,Wed Jan 31 2018 17:16:15 GMT-0600 (Central Standard Time),PnUcE7oTGf,SUB,0kBR9KgDGS,Q9dSvngdsQ,Wed Jan 31 2018 17:16:15 GMT-0600 (Central Standard Time),ZONaVCJXMP
A3dyc63VqC,2017,UduPUwNkXKU,null,,526,Wed Jan 31 2018 12:49:04 GMT-0600 (Central Standard Time),PnUcE7oTGf,SUB,Q9dSvngdsQ,e50Hw33JO1,Wed Jan 31 2018 12:49:04 GMT-0600 (Central Standard Time),ZONaVCJXMP
A3uzu34ReO,2017,UduPUwNkXKU,null,0,239,Wed Jan 31 2018 12:38:28 GMT-0600 (Central Standard Time),PnUcE7oTGf,DEFENSE,,,Wed Jan 31 2018 12:38:28 GMT-0600 (Central Standard Time),0eHM4yAUtR
A4WQDGLPbb,2017,UduPUwNkXKU,null,,472,Wed Jan 31 2018 12:45:47 GMT-0600 (Central Standard Time),PnUcE7oTGf,TURNOVER,,mrNtl0DtIC,Wed Jan 31 2018 12:45:47 GMT-0600 (Central Standard Time),ZONaVCJXMP
ACIThSdxp4,2017,UduPUwNkXKU,null,0,2261,Wed Feb 07 2018 20:15:40 GMT-0600 (Central Standard Time),PnUcE7oTGf,OFFENSE,,,Wed Feb 07 2018 20:15:40 GMT-0600 (Central Standard Time),0eHM4yAUtR
ADJCpJBU33,2017,UduPUwNkXKU,null,1,1950,Wed Feb 07 2018 19:54:48 GMT-0600 (Central Standard Time),PnUcE7oTGf,DEFENSE,,,Wed Feb 07 2018 19:54:48 GMT-0600 (Central Standard Time),ZONaVCJXMP
AF8XH3hk6R,2017,UduPUwNkXKU,null,,1382,Wed Jan 31 2018 13:07:16 GMT-0600 (Central Standard Time),PnUcE7oTGf,LOSE_CONTROL,,,Wed Jan 31 2018 13:07:16 GMT-0600 (Central Standard Time),ZONaVCJXMP
AGNM12VsiA,2017,UduPUwNkXKU,null,1,2014,Wed Feb 07 2018 19:56:56 GMT-0600 (Central Standard Time),PnUcE7oTGf,OFFENSE,,,Wed Feb 07 2018 19:56:56 GMT-0600 (Central Standard Time),ZONaVCJXMP
AKN46K6rUV,2017,UduPUwNkXKU,null,0,2022,Wed Feb 07 2018 19:57:21 GMT-0600 (Central Standard Time),PnUcE7oTGf,OFFENSE,,,Wed Feb 07 2018 19:57:21 GMT-0600 (Central Standard Time),0eHM4yAUtR
APumW9X83F,2017,UduPUwNkXKU,null,1,1452,Wed Jan 31 2018 13:10:38 GMT-0600 (Central Standard Time),PnUcE7oTGf,OFFENSE,,,Wed Jan 31 2018 13:10:38 GMT-0600 (Central Standard Time),ZONaVCJXMP
AQRWk5MdFz,2017,UduPUwNkXKU,null,,244,Wed Jan 31 2018 12:38:02 GMT-0600 (Central Standard Time),PnUcE7oTGf,AWAY_GOAL,,,Wed Jan 31 2018 12:38:02 GMT-0600 (Central Standard Time),0eHM4yAUtR
AUEgFDX72X,2017,UduPUwNkXKU,null,2,1899,Wed Jan 31 2018 17:16:27 GMT-0600 (Central Standard Time),PnUcE7oTGf,OFFENSE,,,Wed Jan 31 2018 17:16:27 GMT-0600 (Central Standard Time),0eHM4yAUtR
AVsAWr1gVl,2017,UduPUwNkXKU,null,,275,Wed Jan 31 2018 12:40:34 GMT-0600 (Central Standard Time),PnUcE7oTGf,PAUSE_CLOCK,,,Wed Jan 31 2018 12:40:34 GMT-0600 (Central Standard Time),0eHM4yAUtR
AX32cLgedI,2017,UduPUwNkXKU,null,,3016,Wed Feb 07 2018 21:04:32 GMT-0600 (Central Standard Time),PnUcE7oTGf,ASSIST,,lnNVPhfE9P,Wed Feb 07 2018 21:04:32 GMT-0600 (Central Standard Time),ZONaVCJXMP
AvlpjCtGVl,2017,UduPUwNkXKU,null,,573,Wed Jan 31 2018 12:50:46 GMT-0600 (Central Standard Time),PnUcE7oTGf,PAUSE_CLOCK,,,Wed Jan 31 2018 12:50:46 GMT-0600 (Central Standard Time),ZONaVCJXMP
B0wGRFNoi5,2017,UduPUwNkXKU,null,,1884,Wed Jan 31 2018 17:15:04 GMT-0600 (Central Standard Time),PnUcE7oTGf,SUB,lmRl9DuW0c,seeker,Wed Jan 31 2018 17:15:04 GMT-0600 (Central Standard Time),ZONaVCJXMP
BADtOkohqG,2017,UduPUwNkXKU,null,0,2414,Wed Feb 07 2018 20:33:12 GMT-0600 (Central Standard Time),PnUcE7oTGf,OFFENSE,,,Wed Feb 07 2018 20:33:12 GMT-0600 (Central Standard Time),0eHM4yAUtR
BNJHooQDRa,2017,UduPUwNkXKU,null,,1251,Wed Jan 31 2018 13:04:52 GMT-0600 (Central Standard Time),PnUcE7oTGf,PAUSE_CLOCK,,,Wed Jan 31 2018 13:04:52 GMT-0600 (Central Standard Time),ZONaVCJXMP
BUcwHcZSYN,2017,UduPUwNkXKU,null,1,2022,Wed Feb 07 2018 19:57:22 GMT-0600 (Central Standard Time),PnUcE7oTGf,DEFENSE,,,Wed Feb 07 2018 19:57:22 GMT-0600 (Central Standard Time),ZONaVCJXMP
BYiAb38TCn,2017,UduPUwNkXKU,null,0,2035,Wed Feb 07 2018 19:58:59 GMT-0600 (Central Standard Time),PnUcE7oTGf,DEFENSE,,,Wed Feb 07 2018 19:58:59 GMT-0600 (Central Standard Time),0eHM4yAUtR
BhPry7tDcS,2017,UduPUwNkXKU,null,2,1609,Wed Jan 31 2018 16:56:27 GMT-0600 (Central Standard Time),PnUcE7oTGf,DEFENSE,,,Wed Jan 31 2018 16:56:27 GMT-0600 (Central Standard Time),0eHM4yAUtR
Bkl03C7hnD,2017,UduPUwNkXKU,null,,902,Wed Jan 31 2018 12:58:00 GMT-0600 (Central Standard Time),PnUcE7oTGf,SUB,21qrrjSuuO,PudHIgqgWl,Wed Jan 31 2018 12:58:00 GMT-0600 (Central Standard Time),ZONaVCJXMP
BnkPIwaQcr,2017,UduPUwNkXKU,null,,1002,Wed Jan 31 2018 12:59:42 GMT-0600 (Central Standard Time),PnUcE7oTGf,ASSIST,,hAM7ngJmlm,Wed Jan 31 2018 12:59:42 GMT-0600 (Central Standard Time),ZONaVCJXMP
Bx8IiFimj8,2017,UduPUwNkXKU,null,1,1511,Wed Jan 31 2018 13:14:05 GMT-0600 (Central Standard Time),PnUcE7oTGf,OFFENSE,,,Wed Jan 31 2018 13:14:05 GMT-0600 (Central Standard Time),ZONaVCJXMP
CNIwP8m6jH,2017,UduPUwNkXKU,null,,1924,Wed Jan 31 2018 17:17:28 GMT-0600 (Central Standard Time),PnUcE7oTGf,SUB,mrNtl0DtIC,pPsyr6tcke,Wed Jan 31 2018 17:17:28 GMT-0600 (Central Standard Time),ZONaVCJXMP
CTLmUhC99F,2017,UduPUwNkXKU,null,1,1451,Wed Jan 31 2018 13:10:23 GMT-0600 (Central Standard Time),PnUcE7oTGf,DEFENSE,,,Wed Jan 31 2018 13:10:23 GMT-0600 (Central Standard Time),0eHM4yAUtR
ClZSO88MQR,2017,UduPUwNkXKU,null,,1504,Wed Jan 31 2018 13:12:09 GMT-0600 (Central Standard Time),PnUcE7oTGf,AWAY_GOAL,,,Wed Jan 31 2018 13:12:09 GMT-0600 (Central Standard Time),ZONaVCJXMP
D4eSf3vMZV,2017,UduPUwNkXKU,null,,2667,Wed Feb 07 2018 20:53:29 GMT-0600 (Central Standard Time),PnUcE7oTGf,GAIN_CONTROL,,,Wed Feb 07 2018 20:53:29 GMT-0600 (Central Standard Time),ZONaVCJXMP
D6YbDdQNTG,2017,UduPUwNkXKU,null,,832,Wed Jan 31 2018 12:55:25 GMT-0600 (Central Standard Time),PnUcE7oTGf,AWAY_GOAL,,,Wed Jan 31 2018 12:55:25 GMT-0600 (Central Standard Time),0eHM4yAUtR
DBW1l0yANN,2017,UduPUwNkXKU,null,,1382,Wed Jan 31 2018 13:07:16 GMT-0600 (Central Standard Time),PnUcE7oTGf,GAIN_CONTROL,,,Wed Jan 31 2018 13:07:16 GMT-0600 (Central Standard Time),0eHM4yAUtR
DBxJ2SDGat,2017,UduPUwNkXKU,null,,1950,Wed Feb 07 2018 19:55:01 GMT-0600 (Central Standard Time),PnUcE7oTGf,GAIN_CONTROL,,,Wed Feb 07 2018 19:55:01 GMT-0600 (Central Standard Time),0eHM4yAUtR
DRNiN0sOEG,2017,UduPUwNkXKU,null,,2899,Wed Feb 07 2018 21:00:00 GMT-0600 (Central Standard Time),PnUcE7oTGf,PAUSE_CLOCK,,,Wed Feb 07 2018 21:00:00 GMT-0600 (Central Standard Time),ZONaVCJXMP
DX2rB1lD4H,2017,UduPUwNkXKU,null,0,1574,Wed Jan 31 2018 13:14:42 GMT-0600 (Central Standard Time),PnUcE7oTGf,OFFENSE,,,Wed Jan 31 2018 13:14:42 GMT-0600 (Central Standard Time),ZONaVCJXMP
DbDylB8461,2017,UduPUwNkXKU,null,0,2072,Wed Feb 07 2018 20:12:46 GMT-0600 (Central Standard Time),PnUcE7oTGf,OFFENSE,,,Wed Feb 07 2018 20:12:46 GMT-0600 (Central Standard Time),0eHM4yAUtR
Dd3hy4iJyN,2017,UduPUwNkXKU,null,,2680,Wed Feb 07 2018 20:52:37 GMT-0600 (Central Standard Time),PnUcE7oTGf,SUB,gtVOlncQQC,21qrrjSuuO,Wed Feb 07 2018 20:52:37 GMT-0600 (Central Standard Time),ZONaVCJXMP
Ddt35yAnIW,2017,UduPUwNkXKU,null,,2790,Wed Feb 07 2018 20:56:13 GMT-0600 (Central Standard Time),PnUcE7oTGf,SUB,mrNtl0DtIC,e50Hw33JO1,Wed Feb 07 2018 20:56:13 GMT-0600 (Central Standard Time),ZONaVCJXMP
De3bBPW7cn,2017,UduPUwNkXKU,null,0,1922,Wed Feb 07 2018 19:52:02 GMT-0600 (Central Standard Time),PnUcE7oTGf,DEFENSE,,,Wed Feb 07 2018 19:52:02 GMT-0600 (Central Standard Time),0eHM4yAUtR
DhrdCEHDWv,2017,UduPUwNkXKU,null,,2353,Wed Feb 07 2018 20:29:25 GMT-0600 (Central Standard Time),PnUcE7oTGf,SUB,bHBvdERj00,Q9dSvngdsQ,Wed Feb 07 2018 20:29:25 GMT-0600 (Central Standard Time),ZONaVCJXMP
DhrqTIlO7K,2017,UduPUwNkXKU,null,,133,Wed Jan 31 2018 12:33:40 GMT-0600 (Central Standard Time),PnUcE7oTGf,AWAY_GOAL,,,Wed Jan 31 2018 12:33:40 GMT-0600 (Central Standard Time),0eHM4yAUtR
Dim2ZZAbjW,2017,UduPUwNkXKU,null,,2436,Wed Feb 07 2018 20:41:55 GMT-0600 (Central Standard Time),PnUcE7oTGf,PAUSE_CLOCK,,,Wed Feb 07 2018 20:41:55 GMT-0600 (Central Standard Time),0eHM4yAUtR
DkOFFCgJUW,2017,UduPUwNkXKU,null,,1883,Wed Jan 31 2018 17:15:00 GMT-0600 (Central Standard Time),PnUcE7oTGf,SEEKERS_RELEASED,,,Wed Jan 31 2018 17:15:00 GMT-0600 (Central Standard Time),ZONaVCJXMP
DxzqkmLAUm,2017,UduPUwNkXKU,null,,1029,Wed Jan 31 2018 13:00:17 GMT-0600 (Central Standard Time),PnUcE7oTGf,PAUSE_CLOCK,,,Wed Jan 31 2018 13:00:17 GMT-0600 (Central Standard Time),ZONaVCJXMP
E8oKEAPxRg,2017,UduPUwNkXKU,null,,2334,Wed Feb 07 2018 20:25:13 GMT-0600 (Central Standard Time),PnUcE7oTGf,SUB,hOWNm6HyjL,aN5MeFmEvv,Wed Feb 07 2018 20:25:13 GMT-0600 (Central Standard Time),ZONaVCJXMP
EBhOXh1cY9,2017,UduPUwNkXKU,null,,1877,Wed Jan 31 2018 17:14:20 GMT-0600 (Central Standard Time),PnUcE7oTGf,GOAL,,pPsyr6tcke,Wed Jan 31 2018 17:14:20 GMT-0600 (Central Standard Time),ZONaVCJXMP
EBp9EclGkR,2017,UduPUwNkXKU,null,2,1370,Wed Jan 31 2018 13:06:52 GMT-0600 (Central Standard Time),PnUcE7oTGf,DEFENSE,,,Wed Jan 31 2018 13:06:52 GMT-0600 (Central Standard Time),ZONaVCJXMP
EEdKILwSZj,2017,UduPUwNkXKU,null,1,352,Wed Jan 31 2018 12:43:46 GMT-0600 (Central Standard Time),PnUcE7oTGf,OFFENSE,,,Wed Jan 31 2018 12:43:46 GMT-0600 (Central Standard Time),ZONaVCJXMP
EWfA2lBFPO,2017,UduPUwNkXKU,null,,47,Wed Jan 31 2018 12:28:13 GMT-0600 (Central Standard Time),PnUcE7oTGf,AWAY_GOAL,,,Wed Jan 31 2018 12:28:13 GMT-0600 (Central Standard Time),ZONaVCJXMP
EZBk5vykkr,2017,UduPUwNkXKU,null,,2718,Wed Feb 07 2018 20:54:25 GMT-0600 (Central Standard Time),PnUcE7oTGf,GOAL,,,Wed Feb 07 2018 20:54:25 GMT-0600 (Central Standard Time),0eHM4yAUtR
EdocfnVT8W,2017,UduPUwNkXKU,null,2,2656,Wed Feb 07 2018 20:51:04 GMT-0600 (Central Standard Time),PnUcE7oTGf,DEFENSE,,,Wed Feb 07 2018 20:51:04 GMT-0600 (Central Standard Time),0eHM4yAUtR
EoOxEfioUG,2017,UduPUwNkXKU,null,,2137,Wed Feb 07 2018 20:14:09 GMT-0600 (Central Standard Time),PnUcE7oTGf,ASSIST,,0kBR9KgDGS,Wed Feb 07 2018 20:14:09 GMT-0600 (Central Standard Time),ZONaVCJXMP
EscEYCgRx6,2017,UduPUwNkXKU,null,2,1414,Wed Jan 31 2018 13:08:51 GMT-0600 (Central Standard Time),PnUcE7oTGf,DEFENSE,,,Wed Jan 31 2018 13:08:51 GMT-0600 (Central Standard Time),0eHM4yAUtR
ExPMzFZySj,2017,UduPUwNkXKU,null,1,1773,Wed Jan 31 2018 17:00:53 GMT-0600 (Central Standard Time),PnUcE7oTGf,DEFENSE,,,Wed Jan 31 2018 17:00:53 GMT-0600 (Central Standard Time),0eHM4yAUtR
F1Io6R1uIG,2017,UduPUwNkXKU,null,,2882,Wed Feb 07 2018 20:59:10 GMT-0600 (Central Standard Time),PnUcE7oTGf,GOAL,,0kBR9KgDGS,Wed Feb 07 2018 20:59:10 GMT-0600 (Central Standard Time),ZONaVCJXMP
F35DqT1Gko,2017,UduPUwNkXKU,null,,573,Wed Jan 31 2018 12:50:46 GMT-0600 (Central Standard Time),PnUcE7oTGf,PAUSE_CLOCK,,,Wed Jan 31 2018 12:50:46 GMT-0600 (Central Standard Time),0eHM4yAUtR
F4zz5zZikR,2017,UduPUwNkXKU,null,,1773,Wed Jan 31 2018 17:05:39 GMT-0600 (Central Standard Time),PnUcE7oTGf,SUB,aN5MeFmEvv,6Yaq4XFaKd,Wed Jan 31 2018 17:05:39 GMT-0600 (Central Standard Time),ZONaVCJXMP
F8UJdrTjWk,2017,UduPUwNkXKU,null,2,535,Wed Jan 31 2018 12:49:31 GMT-0600 (Central Standard Time),PnUcE7oTGf,OFFENSE,,,Wed Jan 31 2018 12:49:31 GMT-0600 (Central Standard Time),ZONaVCJXMP
FF788LwaBI,2017,UduPUwNkXKU,null,,315,Wed Jan 31 2018 12:42:18 GMT-0600 (Central Standard Time),PnUcE7oTGf,SHOT,,RY9uvxgIjJ,Wed Jan 31 2018 12:42:18 GMT-0600 (Central Standard Time),ZONaVCJXMP
FFqvvMgfG6,2017,UduPUwNkXKU,null,,2594,Wed Feb 07 2018 20:50:36 GMT-0600 (Central Standard Time),PnUcE7oTGf,LOSE_CONTROL,,,Wed Feb 07 2018 20:50:36 GMT-0600 (Central Standard Time),ZONaVCJXMP
FGNxS3vBa7,2017,UduPUwNkXKU,null,,226,Wed Jan 31 2018 12:36:48 GMT-0600 (Central Standard Time),PnUcE7oTGf,AWAY_GOAL,,,Wed Jan 31 2018 12:36:48 GMT-0600 (Central Standard Time),ZONaVCJXMP
FVqfZlJVev,2017,UduPUwNkXKU,null,1,2035,Wed Feb 07 2018 19:59:00 GMT-0600 (Central Standard Time),PnUcE7oTGf,DEFENSE,,,Wed Feb 07 2018 19:59:00 GMT-0600 (Central Standard Time),0eHM4yAUtR
FZMkuGhGgx,2017,UduPUwNkXKU,null,,1944,Wed Feb 07 2018 19:52:50 GMT-0600 (Central Standard Time),PnUcE7oTGf,GOAL,,lnNVPhfE9P,Wed Feb 07 2018 19:52:50 GMT-0600 (Central Standard Time),ZONaVCJXMP
FcJWqhJet0,2017,UduPUwNkXKU,null,,1193,Wed Jan 31 2018 13:02:01 GMT-0600 (Central Standard Time),PnUcE7oTGf,START_CLOCK,,,Wed Jan 31 2018 13:02:01 GMT-0600 (Central Standard Time),0eHM4yAUtR
FdNpzYv9qb,2017,UduPUwNkXKU,null,2,2573,Wed Feb 07 2018 20:48:45 GMT-0600 (Central Standard Time),PnUcE7oTGf,OFFENSE,,,Wed Feb 07 2018 20:48:45 GMT-0600 (Central Standard Time),0eHM4yAUtR
FgxwkazGPc,2017,UduPUwNkXKU,null,0,1950,Wed Feb 07 2018 19:54:48 GMT-0600 (Central Standard Time),PnUcE7oTGf,OFFENSE,,,Wed Feb 07 2018 19:54:48 GMT-0600 (Central Standard Time),0eHM4yAUtR
Fh7qLJM4mf,2017,UduPUwNkXKU,null,2,2795,Wed Feb 07 2018 20:56:29 GMT-0600 (Central Standard Time),PnUcE7oTGf,OFFENSE,,,Wed Feb 07 2018 20:56:29 GMT-0600 (Central Standard Time),ZONaVCJXMP
FjQbBwvA1o,2017,UduPUwNkXKU,null,,1577,Wed Jan 31 2018 13:14:47 GMT-0600 (Central Standard Time),PnUcE7oTGf,AWAY_GOAL,,,Wed Jan 31 2018 13:14:47 GMT-0600 (Central Standard Time),0eHM4yAUtR
Fqw7SHFJcn,2017,UduPUwNkXKU,null,,1475,Wed Jan 31 2018 13:11:15 GMT-0600 (Central Standard Time),PnUcE7oTGf,TURNOVER,,oDiylfxaCV,Wed Jan 31 2018 13:11:15 GMT-0600 (Central Standard Time),ZONaVCJXMP
G5qliBnyZG,2017,UduPUwNkXKU,null,0,1588,Wed Jan 31 2018 16:55:11 GMT-0600 (Central Standard Time),PnUcE7oTGf,OFFENSE,,,Wed Jan 31 2018 16:55:11 GMT-0600 (Central Standard Time),0eHM4yAUtR
G6k2ZnOPWP,2017,UduPUwNkXKU,null,,895,Wed Jan 31 2018 12:57:10 GMT-0600 (Central Standard Time),PnUcE7oTGf,GOAL,,,Wed Jan 31 2018 12:57:10 GMT-0600 (Central Standard Time),0eHM4yAUtR
GAfjNM1LTN,2017,UduPUwNkXKU,null,,3019,Wed Feb 07 2018 21:04:45 GMT-0600 (Central Standard Time),PnUcE7oTGf,AWAY_SNITCH_CATCH,,,Wed Feb 07 2018 21:04:45 GMT-0600 (Central Standard Time),0eHM4yAUtR
GEbjMazka5,2017,UduPUwNkXKU,null,,0,Wed Jan 31 2018 12:26:29 GMT-0600 (Central Standard Time),PnUcE7oTGf,SUB,pPsyr6tcke,keeper,Wed Jan 31 2018 12:26:29 GMT-0600 (Central Standard Time),ZONaVCJXMP
GJc0cYmszR,2017,UduPUwNkXKU,null,,3019,Wed Feb 07 2018 21:04:45 GMT-0600 (Central Standard Time),PnUcE7oTGf,PAUSE_CLOCK,,,Wed Feb 07 2018 21:04:45 GMT-0600 (Central Standard Time),0eHM4yAUtR
GLCgZIINgt,2017,UduPUwNkXKU,null,,1424,Wed Jan 31 2018 13:09:09 GMT-0600 (Central Standard Time),PnUcE7oTGf,GOAL,,bHBvdERj00,Wed Jan 31 2018 13:09:09 GMT-0600 (Central Standard Time),ZONaVCJXMP
GWmGhuPlx2,2017,UduPUwNkXKU,null,,2786,Wed Feb 07 2018 20:55:51 GMT-0600 (Central Standard Time),PnUcE7oTGf,START_CLOCK,,,Wed Feb 07 2018 20:55:51 GMT-0600 (Central Standard Time),ZONaVCJXMP
GXWjesqnHT,2017,UduPUwNkXKU,null,,359,Wed Jan 31 2018 12:43:59 GMT-0600 (Central Standard Time),PnUcE7oTGf,GOAL,,mrNtl0DtIC,Wed Jan 31 2018 12:43:59 GMT-0600 (Central Standard Time),ZONaVCJXMP
GknYWm2jlx,2017,UduPUwNkXKU,null,,27,Wed Jan 31 2018 12:27:40 GMT-0600 (Central Standard Time),PnUcE7oTGf,TURNOVER,,lnNVPhfE9P,Wed Jan 31 2018 12:27:40 GMT-0600 (Central Standard Time),ZONaVCJXMP
GnaXEQoBuy,2017,UduPUwNkXKU,null,,475,Wed Jan 31 2018 12:46:50 GMT-0600 (Central Standard Time),PnUcE7oTGf,SUB,aN5MeFmEvv,6Yaq4XFaKd,Wed Jan 31 2018 12:46:50 GMT-0600 (Central Standard Time),ZONaVCJXMP
HLNKOkPPzR,2017,UduPUwNkXKU,null,,1944,Wed Feb 07 2018 19:52:48 GMT-0600 (Central Standard Time),PnUcE7oTGf,ASSIST,,mrNtl0DtIC,Wed Feb 07 2018 19:52:48 GMT-0600 (Central Standard Time),ZONaVCJXMP
HPJuNMLimn,2017,UduPUwNkXKU,null,,736,Wed Jan 31 2018 12:52:17 GMT-0600 (Central Standard Time),PnUcE7oTGf,SUB,lnNVPhfE9P,0kBR9KgDGS,Wed Jan 31 2018 12:52:17 GMT-0600 (Central Standard Time),ZONaVCJXMP
HTKO2aXFup,2017,UduPUwNkXKU,null,,2998,Wed Feb 07 2018 21:04:15 GMT-0600 (Central Standard Time),PnUcE7oTGf,LOSE_CONTROL,,,Wed Feb 07 2018 21:04:15 GMT-0600 (Central Standard Time),0eHM4yAUtR
HcCDcx3Lrn,2017,UduPUwNkXKU,null,,946,Wed Jan 31 2018 12:59:15 GMT-0600 (Central Standard Time),PnUcE7oTGf,PAUSE_CLOCK,,,Wed Jan 31 2018 12:59:15 GMT-0600 (Central Standard Time),0eHM4yAUtR
HcF1CiOutz,2017,UduPUwNkXKU,null,,1633,Wed Jan 31 2018 16:57:44 GMT-0600 (Central Standard Time),PnUcE7oTGf,PAUSE_CLOCK,,,Wed Jan 31 2018 16:57:44 GMT-0600 (Central Standard Time),0eHM4yAUtR
HdHaBFK5q3,2017,UduPUwNkXKU,null,,2497,Wed Feb 07 2018 20:42:05 GMT-0600 (Central Standard Time),PnUcE7oTGf,START_CLOCK,,,Wed Feb 07 2018 20:42:05 GMT-0600 (Central Standard Time),ZONaVCJXMP
HjOFucSFJp,2017,UduPUwNkXKU,null,,2110,Wed Feb 07 2018 20:13:22 GMT-0600 (Central Standard Time),PnUcE7oTGf,START_CLOCK,,,Wed Feb 07 2018 20:13:22 GMT-0600 (Central Standard Time),0eHM4yAUtR
Hn66p5wkp7,2017,UduPUwNkXKU,null,1,2955,Wed Feb 07 2018 21:02:39 GMT-0600 (Central Standard Time),PnUcE7oTGf,OFFENSE,,,Wed Feb 07 2018 21:02:39 GMT-0600 (Central Standard Time),0eHM4yAUtR
HosWV0GgTY,2017,UduPUwNkXKU,null,,2882,Wed Feb 07 2018 20:59:38 GMT-0600 (Central Standard Time),PnUcE7oTGf,LOSE_CONTROL,,,Wed Feb 07 2018 20:59:38 GMT-0600 (Central Standard Time),0eHM4yAUtR
HsXHO2bRqT,2017,UduPUwNkXKU,null,,275,Wed Jan 31 2018 12:40:34 GMT-0600 (Central Standard Time),PnUcE7oTGf,PAUSE_CLOCK,,,Wed Jan 31 2018 12:40:34 GMT-0600 (Central Standard Time),ZONaVCJXMP
HwlByis78l,2017,UduPUwNkXKU,null,2,477,Wed Jan 31 2018 12:45:53 GMT-0600 (Central Standard Time),PnUcE7oTGf,OFFENSE,,,Wed Jan 31 2018 12:45:53 GMT-0600 (Central Standard Time),0eHM4yAUtR
HzLJ9lfsDl,2017,UduPUwNkXKU,null,1,2822,Wed Feb 07 2018 20:57:39 GMT-0600 (Central Standard Time),PnUcE7oTGf,DEFENSE,,,Wed Feb 07 2018 20:57:39 GMT-0600 (Central Standard Time),0eHM4yAUtR
IAI8TWBht8,2017,UduPUwNkXKU,null,,1210,Wed Jan 31 2018 13:03:14 GMT-0600 (Central Standard Time),PnUcE7oTGf,TURNOVER,,lnNVPhfE9P,Wed Jan 31 2018 13:03:14 GMT-0600 (Central Standard Time),ZONaVCJXMP
IP78SiN0Kn,2017,UduPUwNkXKU,null,,2939,Wed Feb 07 2018 21:01:36 GMT-0600 (Central Standard Time),PnUcE7oTGf,PAUSE_CLOCK,,,Wed Feb 07 2018 21:01:36 GMT-0600 (Central Standard Time),ZONaVCJXMP
Im3aWra42E,2017,UduPUwNkXKU,null,,2088,Wed Feb 07 2018 20:13:04 GMT-0600 (Central Standard Time),PnUcE7oTGf,PAUSE_CLOCK,,,Wed Feb 07 2018 20:13:04 GMT-0600 (Central Standard Time),ZONaVCJXMP
JBDU47pzgj,2017,UduPUwNkXKU,null,,2596,Wed Feb 07 2018 20:49:15 GMT-0600 (Central Standard Time),PnUcE7oTGf,GOAL,,,Wed Feb 07 2018 20:49:15 GMT-0600 (Central Standard Time),0eHM4yAUtR
JM8SAqgGCI,2017,UduPUwNkXKU,null,,2964,Wed Feb 07 2018 21:02:12 GMT-0600 (Central Standard Time),PnUcE7oTGf,SUB,lnNVPhfE9P,pPsyr6tcke,Wed Feb 07 2018 21:02:12 GMT-0600 (Central Standard Time),ZONaVCJXMP
JXkEyxJCjU,2017,UduPUwNkXKU,null,2,2132,Wed Feb 07 2018 20:13:59 GMT-0600 (Central Standard Time),PnUcE7oTGf,DEFENSE,,,Wed Feb 07 2018 20:13:59 GMT-0600 (Central Standard Time),0eHM4yAUtR
JcJZtVf1ni,2017,UduPUwNkXKU,null,2,1010,Wed Jan 31 2018 12:59:53 GMT-0600 (Central Standard Time),PnUcE7oTGf,OFFENSE,,,Wed Jan 31 2018 12:59:53 GMT-0600 (Central Standard Time),0eHM4yAUtR
Jet1SVktj9,2017,UduPUwNkXKU,null,,2998,Wed Feb 07 2018 21:04:15 GMT-0600 (Central Standard Time),PnUcE7oTGf,GAIN_CONTROL,,,Wed Feb 07 2018 21:04:15 GMT-0600 (Central Standard Time),ZONaVCJXMP
JtSkSnd4q7,2017,UduPUwNkXKU,null,1,2035,Wed Feb 07 2018 19:59:00 GMT-0600 (Central Standard Time),PnUcE7oTGf,OFFENSE,,,Wed Feb 07 2018 19:59:00 GMT-0600 (Central Standard Time),ZONaVCJXMP
K1UttTAgZN,2017,UduPUwNkXKU,null,1,468,Wed Jan 31 2018 12:45:39 GMT-0600 (Central Standard Time),PnUcE7oTGf,DEFENSE,,,Wed Jan 31 2018 12:45:39 GMT-0600 (Central Standard Time),0eHM4yAUtR
KCNQL8XP51,2017,UduPUwNkXKU,null,,2396,Wed Feb 07 2018 20:32:08 GMT-0600 (Central Standard Time),PnUcE7oTGf,AWAY_GOAL,,,Wed Feb 07 2018 20:32:08 GMT-0600 (Central Standard Time),0eHM4yAUtR
KCaDLSPR6w,2017,UduPUwNkXKU,null,,852,Wed Jan 31 2018 12:56:01 GMT-0600 (Central Standard Time),PnUcE7oTGf,TAKEAWAY,,lnNVPhfE9P,Wed Jan 31 2018 12:56:01 GMT-0600 (Central Standard Time),ZONaVCJXMP
KCmlxpyp1X,2017,UduPUwNkXKU,null,,1883,Wed Jan 31 2018 17:15:00 GMT-0600 (Central Standard Time),PnUcE7oTGf,SEEKERS_RELEASED,,,Wed Jan 31 2018 17:15:00 GMT-0600 (Central Standard Time),0eHM4yAUtR
KEfYK2LBzt,2017,UduPUwNkXKU,null,1,2022,Wed Feb 07 2018 19:57:22 GMT-0600 (Central Standard Time),PnUcE7oTGf,OFFENSE,,,Wed Feb 07 2018 19:57:22 GMT-0600 (Central Standard Time),0eHM4yAUtR
KPNB770kXH,2017,UduPUwNkXKU,null,1,2072,Wed Feb 07 2018 20:12:45 GMT-0600 (Central Standard Time),PnUcE7oTGf,OFFENSE,,,Wed Feb 07 2018 20:12:45 GMT-0600 (Central Standard Time),0eHM4yAUtR
KVHNJhRVs7,2017,UduPUwNkXKU,null,,2939,Wed Feb 07 2018 21:01:36 GMT-0600 (Central Standard Time),PnUcE7oTGf,PAUSE_CLOCK,,,Wed Feb 07 2018 21:01:36 GMT-0600 (Central Standard Time),0eHM4yAUtR
KmYON3XZRv,2017,UduPUwNkXKU,null,,2318,Wed Feb 07 2018 20:25:01 GMT-0600 (Central Standard Time),PnUcE7oTGf,LOSE_CONTROL,,,Wed Feb 07 2018 20:25:01 GMT-0600 (Central Standard Time),ZONaVCJXMP
KrCjKU6CEB,2017,UduPUwNkXKU,null,,2790,Wed Feb 07 2018 20:56:10 GMT-0600 (Central Standard Time),PnUcE7oTGf,SUB,0kBR9KgDGS,oDiylfxaCV,Wed Feb 07 2018 20:56:10 GMT-0600 (Central Standard Time),ZONaVCJXMP
KuJml79feI,2017,UduPUwNkXKU,null,,2293,Wed Feb 07 2018 20:16:20 GMT-0600 (Central Standard Time),PnUcE7oTGf,AWAY_GOAL,,,Wed Feb 07 2018 20:16:20 GMT-0600 (Central Standard Time),0eHM4yAUtR
KxiIujMTFI,2017,UduPUwNkXKU,null,1,2386,Wed Feb 07 2018 20:31:53 GMT-0600 (Central Standard Time),PnUcE7oTGf,OFFENSE,,,Wed Feb 07 2018 20:31:53 GMT-0600 (Central Standard Time),ZONaVCJXMP
L4Pb9VDLKc,2017,UduPUwNkXKU,null,,1505,Wed Jan 31 2018 13:14:09 GMT-0600 (Central Standard Time),PnUcE7oTGf,GAIN_CONTROL,,,Wed Jan 31 2018 13:14:09 GMT-0600 (Central Standard Time),ZONaVCJXMP
L69CRr7ClB,2017,UduPUwNkXKU,null,2,1414,Wed Jan 31 2018 13:08:51 GMT-0600 (Central Standard Time),PnUcE7oTGf,OFFENSE,,,Wed Jan 31 2018 13:08:51 GMT-0600 (Central Standard Time),ZONaVCJXMP
LDsGtCoc1K,2017,UduPUwNkXKU,null,0,2386,Wed Feb 07 2018 20:31:53 GMT-0600 (Central Standard Time),PnUcE7oTGf,DEFENSE,,,Wed Feb 07 2018 20:31:53 GMT-0600 (Central Standard Time),0eHM4yAUtR
LEj0DReRV8,2017,UduPUwNkXKU,null,2,2340,Wed Feb 07 2018 20:25:29 GMT-0600 (Central Standard Time),PnUcE7oTGf,DEFENSE,,,Wed Feb 07 2018 20:25:29 GMT-0600 (Central Standard Time),0eHM4yAUtR
LgcRDF5Uyo,2017,UduPUwNkXKU,null,1,2304,Wed Feb 07 2018 20:16:45 GMT-0600 (Central Standard Time),PnUcE7oTGf,OFFENSE,,,Wed Feb 07 2018 20:16:45 GMT-0600 (Central Standard Time),0eHM4yAUtR
LjaIxrgnSr,2017,UduPUwNkXKU,null,2,370,Wed Jan 31 2018 12:44:15 GMT-0600 (Central Standard Time),PnUcE7oTGf,DEFENSE,,,Wed Jan 31 2018 12:44:15 GMT-0600 (Central Standard Time),ZONaVCJXMP
LwEgoPqbW1,2017,UduPUwNkXKU,null,1,2888,Wed Feb 07 2018 20:59:43 GMT-0600 (Central Standard Time),PnUcE7oTGf,OFFENSE,,,Wed Feb 07 2018 20:59:43 GMT-0600 (Central Standard Time),0eHM4yAUtR
M90aVj9jNF,2017,UduPUwNkXKU,null,1,2414,Wed Feb 07 2018 20:33:13 GMT-0600 (Central Standard Time),PnUcE7oTGf,OFFENSE,,,Wed Feb 07 2018 20:33:13 GMT-0600 (Central Standard Time),0eHM4yAUtR
MFd35DaQWC,2017,UduPUwNkXKU,null,0,19,Wed Jan 31 2018 12:27:28 GMT-0600 (Central Standard Time),PnUcE7oTGf,OFFENSE,,,Wed Jan 31 2018 12:27:28 GMT-0600 (Central Standard Time),ZONaVCJXMP
MKulowrHMF,2017,UduPUwNkXKU,null,,1585,Wed Jan 31 2018 13:15:15 GMT-0600 (Central Standard Time),PnUcE7oTGf,SUB,Q9dSvngdsQ,0kBR9KgDGS,Wed Jan 31 2018 13:15:15 GMT-0600 (Central Standard Time),ZONaVCJXMP
MpaBkhhVSu,2017,UduPUwNkXKU,null,,1251,Wed Jan 31 2018 13:04:52 GMT-0600 (Central Standard Time),PnUcE7oTGf,PAUSE_CLOCK,,,Wed Jan 31 2018 13:04:52 GMT-0600 (Central Standard Time),0eHM4yAUtR
MtyPyfV8jn,2017,UduPUwNkXKU,null,0,1451,Wed Jan 31 2018 13:10:23 GMT-0600 (Central Standard Time),PnUcE7oTGf,DEFENSE,,,Wed Jan 31 2018 13:10:23 GMT-0600 (Central Standard Time),0eHM4yAUtR
N0i0NZhGsX,2017,UduPUwNkXKU,null,,1023,Wed Jan 31 2018 13:02:17 GMT-0600 (Central Standard Time),PnUcE7oTGf,LOSE_CONTROL,,,Wed Jan 31 2018 13:02:17 GMT-0600 (Central Standard Time),ZONaVCJXMP
N2XZ0HCbmH,2017,UduPUwNkXKU,null,1,1511,Wed Jan 31 2018 13:14:04 GMT-0600 (Central Standard Time),PnUcE7oTGf,DEFENSE,,,Wed Jan 31 2018 13:14:04 GMT-0600 (Central Standard Time),0eHM4yAUtR
NQ1sEfZpK6,2017,UduPUwNkXKU,null,0,1309,Wed Jan 31 2018 13:05:13 GMT-0600 (Central Standard Time),PnUcE7oTGf,DEFENSE,,,Wed Jan 31 2018 13:05:13 GMT-0600 (Central Standard Time),ZONaVCJXMP
NQ2WUGhFEV,2017,UduPUwNkXKU,null,,235,Wed Jan 31 2018 12:37:29 GMT-0600 (Central Standard Time),PnUcE7oTGf,SUB,RY9uvxgIjJ,bHBvdERj00,Wed Jan 31 2018 12:37:29 GMT-0600 (Central Standard Time),ZONaVCJXMP
NZXozNunTR,2017,UduPUwNkXKU,null,0,110,Wed Jan 31 2018 12:32:48 GMT-0600 (Central Standard Time),PnUcE7oTGf,DEFENSE,,,Wed Jan 31 2018 12:32:48 GMT-0600 (Central Standard Time),0eHM4yAUtR
NcKH0G3ImC,2017,UduPUwNkXKU,null,2,151,Wed Jan 31 2018 12:34:03 GMT-0600 (Central Standard Time),PnUcE7oTGf,OFFENSE,,,Wed Jan 31 2018 12:34:03 GMT-0600 (Central Standard Time),0eHM4yAUtR
OHJxMXbKQU,2017,UduPUwNkXKU,null,1,2681,Wed Feb 07 2018 20:52:19 GMT-0600 (Central Standard Time),PnUcE7oTGf,DEFENSE,,,Wed Feb 07 2018 20:52:19 GMT-0600 (Central Standard Time),0eHM4yAUtR
OIuc4uzEZx,2017,UduPUwNkXKU,null,0,2001,Wed Feb 07 2018 19:56:37 GMT-0600 (Central Standard Time),PnUcE7oTGf,OFFENSE,,,Wed Feb 07 2018 19:56:37 GMT-0600 (Central Standard Time),0eHM4yAUtR
OPIyHYg5IB,2017,UduPUwNkXKU,null,,1242,Wed Jan 31 2018 13:04:11 GMT-0600 (Central Standard Time),PnUcE7oTGf,SUB,0kBR9KgDGS,pPsyr6tcke,Wed Jan 31 2018 13:04:11 GMT-0600 (Central Standard Time),ZONaVCJXMP
OQOnEFRK4Q,2017,UduPUwNkXKU,null,,1608,Wed Jan 31 2018 16:55:34 GMT-0600 (Central Standard Time),PnUcE7oTGf,TAKEAWAY,,Q9dSvngdsQ,Wed Jan 31 2018 16:55:34 GMT-0600 (Central Standard Time),ZONaVCJXMP
ORMZkRFIBn,2017,UduPUwNkXKU,null,,2672,Wed Feb 07 2018 20:51:44 GMT-0600 (Central Standard Time),PnUcE7oTGf,AWAY_GOAL,,,Wed Feb 07 2018 20:51:44 GMT-0600 (Central Standard Time),ZONaVCJXMP
OZiNjqh7yg,2017,UduPUwNkXKU,null,,3019,Wed Feb 07 2018 21:04:45 GMT-0600 (Central Standard Time),PnUcE7oTGf,PAUSE_CLOCK,,,Wed Feb 07 2018 21:04:45 GMT-0600 (Central Standard Time),ZONaVCJXMP
OaVWz2FWAT,2017,UduPUwNkXKU,null,0,2290,Wed Feb 07 2018 20:16:14 GMT-0600 (Central Standard Time),PnUcE7oTGf,OFFENSE,,,Wed Feb 07 2018 20:16:14 GMT-0600 (Central Standard Time),ZONaVCJXMP
Ojp2yO8igq,2017,UduPUwNkXKU,null,,1517,Wed Jan 31 2018 13:12:55 GMT-0600 (Central Standard Time),PnUcE7oTGf,SUB,pPsyr6tcke,mrNtl0DtIC,Wed Jan 31 2018 13:12:55 GMT-0600 (Central Standard Time),ZONaVCJXMP
OnxNp5CZWS,2017,UduPUwNkXKU,null,,2345,Wed Feb 07 2018 20:31:05 GMT-0600 (Central Standard Time),PnUcE7oTGf,LOSE_CONTROL,,,Wed Feb 07 2018 20:31:05 GMT-0600 (Central Standard Time),0eHM4yAUtR
PB8zh8Ofev,2017,UduPUwNkXKU,null,0,1874,Wed Jan 31 2018 17:14:13 GMT-0600 (Central Standard Time),PnUcE7oTGf,DEFENSE,,,Wed Jan 31 2018 17:14:13 GMT-0600 (Central Standard Time),0eHM4yAUtR
PCs9iKpfUC,2017,UduPUwNkXKU,null,0,19,Wed Jan 31 2018 12:27:28 GMT-0600 (Central Standard Time),PnUcE7oTGf,DEFENSE,,,Wed Jan 31 2018 12:27:28 GMT-0600 (Central Standard Time),0eHM4yAUtR
PSsCDTCLbd,2017,UduPUwNkXKU,null,0,2340,Wed Feb 07 2018 20:25:28 GMT-0600 (Central Standard Time),PnUcE7oTGf,DEFENSE,,,Wed Feb 07 2018 20:25:28 GMT-0600 (Central Standard Time),0eHM4yAUtR
PX3XOUARSF,2017,UduPUwNkXKU,null,0,2001,Wed Feb 07 2018 19:56:37 GMT-0600 (Central Standard Time),PnUcE7oTGf,DEFENSE,,,Wed Feb 07 2018 19:56:37 GMT-0600 (Central Standard Time),ZONaVCJXMP
PfaBNC0VFZ,2017,UduPUwNkXKU,null,2,1370,Wed Jan 31 2018 13:06:52 GMT-0600 (Central Standard Time),PnUcE7oTGf,OFFENSE,,,Wed Jan 31 2018 13:06:52 GMT-0600 (Central Standard Time),0eHM4yAUtR
PrIdGa3Uly,2017,UduPUwNkXKU,null,,1784,Wed Jan 31 2018 17:01:21 GMT-0600 (Central Standard Time),PnUcE7oTGf,PAUSE_CLOCK,,,Wed Jan 31 2018 17:01:21 GMT-0600 (Central Standard Time),0eHM4yAUtR
Prfifbopqz,2017,UduPUwNkXKU,null,,2557,Wed Feb 07 2018 20:47:40 GMT-0600 (Central Standard Time),PnUcE7oTGf,SHOT,,dAPvyRjR6z,Wed Feb 07 2018 20:47:40 GMT-0600 (Central Standard Time),ZONaVCJXMP
PrhejHiKia,2017,UduPUwNkXKU,null,,0,Wed Jan 31 2018 12:26:34 GMT-0600 (Central Standard Time),PnUcE7oTGf,SUB,lmRl9DuW0c,beaterB,Wed Jan 31 2018 12:26:34 GMT-0600 (Central Standard Time),ZONaVCJXMP
Q9fbTlNhDz,2017,UduPUwNkXKU,null,,2110,Wed Feb 07 2018 20:13:22 GMT-0600 (Central Standard Time),PnUcE7oTGf,START_CLOCK,,,Wed Feb 07 2018 20:13:22 GMT-0600 (Central Standard Time),ZONaVCJXMP
QHI8qzHlGd,2017,UduPUwNkXKU,null,,946,Wed Jan 31 2018 12:59:16 GMT-0600 (Central Standard Time),PnUcE7oTGf,PAUSE_CLOCK,,,Wed Jan 31 2018 12:59:16 GMT-0600 (Central Standard Time),ZONaVCJXMP
QM80TICwzB,2017,UduPUwNkXKU,null,2,2414,Wed Feb 07 2018 20:33:13 GMT-0600 (Central Standard Time),PnUcE7oTGf,DEFENSE,,,Wed Feb 07 2018 20:33:13 GMT-0600 (Central Standard Time),ZONaVCJXMP
QPuBGXtqeb,2017,UduPUwNkXKU,null,2,2508,Wed Feb 07 2018 20:43:56 GMT-0600 (Central Standard Time),PnUcE7oTGf,DEFENSE,,,Wed Feb 07 2018 20:43:56 GMT-0600 (Central Standard Time),0eHM4yAUtR
QYXozcC76H,2017,UduPUwNkXKU,null,,20,Wed Jan 31 2018 12:27:51 GMT-0600 (Central Standard Time),PnUcE7oTGf,LOSE_CONTROL,,,Wed Jan 31 2018 12:27:51 GMT-0600 (Central Standard Time),0eHM4yAUtR
QZnciuksCD,2017,UduPUwNkXKU,null,2,2822,Wed Feb 07 2018 20:57:40 GMT-0600 (Central Standard Time),PnUcE7oTGf,OFFENSE,,,Wed Feb 07 2018 20:57:40 GMT-0600 (Central Standard Time),ZONaVCJXMP
QmY6bB6aXx,2017,UduPUwNkXKU,null,,184,Wed Jan 31 2018 12:35:21 GMT-0600 (Central Standard Time),PnUcE7oTGf,ASSIST,,pPsyr6tcke,Wed Jan 31 2018 12:35:21 GMT-0600 (Central Standard Time),ZONaVCJXMP
QsMHKqxSyy,2017,UduPUwNkXKU,null,,226,Wed Jan 31 2018 12:36:48 GMT-0600 (Central Standard Time),PnUcE7oTGf,GOAL,,,Wed Jan 31 2018 12:36:48 GMT-0600 (Central Standard Time),0eHM4yAUtR
R3ya0LMH2i,2017,UduPUwNkXKU,null,,1308,Wed Jan 31 2018 13:05:08 GMT-0600 (Central Standard Time),PnUcE7oTGf,TURNOVER,,0kBR9KgDGS,Wed Jan 31 2018 13:05:08 GMT-0600 (Central Standard Time),ZONaVCJXMP
RANGOdmRbB,2017,UduPUwNkXKU,null,,1310,Wed Jan 31 2018 13:05:59 GMT-0600 (Central Standard Time),PnUcE7oTGf,TAKEAWAY,,lmRl9DuW0c,Wed Jan 31 2018 13:05:59 GMT-0600 (Central Standard Time),ZONaVCJXMP
RApgZuK8WY,2017,UduPUwNkXKU,null,,359,Wed Jan 31 2018 12:43:59 GMT-0600 (Central Standard Time),PnUcE7oTGf,AWAY_GOAL,,,Wed Jan 31 2018 12:43:59 GMT-0600 (Central Standard Time),0eHM4yAUtR
RWcpBfUFWj,2017,UduPUwNkXKU,null,,2598,Wed Feb 07 2018 20:49:19 GMT-0600 (Central Standard Time),PnUcE7oTGf,PAUSE_CLOCK,,,Wed Feb 07 2018 20:49:19 GMT-0600 (Central Standard Time),0eHM4yAUtR
Rm8NAdHuHb,2017,UduPUwNkXKU,null,,2425,Wed Feb 07 2018 20:41:48 GMT-0600 (Central Standard Time),PnUcE7oTGf,AWAY_GOAL,,,Wed Feb 07 2018 20:41:48 GMT-0600 (Central Standard Time),ZONaVCJXMP
S1r4At9FZE,2017,UduPUwNkXKU,null,,2791,Wed Feb 07 2018 20:56:44 GMT-0600 (Central Standard Time),PnUcE7oTGf,GAIN_CONTROL,,,Wed Feb 07 2018 20:56:44 GMT-0600 (Central Standard Time),0eHM4yAUtR
SAQjPJbYDC,2017,UduPUwNkXKU,null,2,1195,Wed Jan 31 2018 13:02:39 GMT-0600 (Central Standard Time),PnUcE7oTGf,DEFENSE,,,Wed Jan 31 2018 13:02:39 GMT-0600 (Central Standard Time),0eHM4yAUtR
SDdlXyfBJD,2017,UduPUwNkXKU,null,2,2072,Wed Feb 07 2018 20:12:46 GMT-0600 (Central Standard Time),PnUcE7oTGf,OFFENSE,,,Wed Feb 07 2018 20:12:46 GMT-0600 (Central Standard Time),0eHM4yAUtR
SJlAjSCP4G,2017,UduPUwNkXKU,null,,2502,Wed Feb 07 2018 20:44:42 GMT-0600 (Central Standard Time),PnUcE7oTGf,SUB,dAPvyRjR6z,RY9uvxgIjJ,Wed Feb 07 2018 20:44:42 GMT-0600 (Central Standard Time),ZONaVCJXMP
SjKTCnAeMw,2017,UduPUwNkXKU,null,0,2822,Wed Feb 07 2018 20:57:38 GMT-0600 (Central Standard Time),PnUcE7oTGf,DEFENSE,,,Wed Feb 07 2018 20:57:38 GMT-0600 (Central Standard Time),0eHM4yAUtR
SqXn43V8Dx,2017,UduPUwNkXKU,null,,235,Wed Jan 31 2018 12:37:31 GMT-0600 (Central Standard Time),PnUcE7oTGf,SUB,0kBR9KgDGS,lnNVPhfE9P,Wed Jan 31 2018 12:37:31 GMT-0600 (Central Standard Time),ZONaVCJXMP
StEA1gPing,2017,UduPUwNkXKU,null,,2933,Wed Feb 07 2018 21:03:12 GMT-0600 (Central Standard Time),PnUcE7oTGf,GAIN_CONTROL,,,Wed Feb 07 2018 21:03:12 GMT-0600 (Central Standard Time),0eHM4yAUtR
Sw25t34H1T,2017,UduPUwNkXKU,null,1,556,Wed Jan 31 2018 12:50:23 GMT-0600 (Central Standard Time),PnUcE7oTGf,OFFENSE,,,Wed Jan 31 2018 12:50:23 GMT-0600 (Central Standard Time),0eHM4yAUtR
T6GvSj4x0u,2017,UduPUwNkXKU,null,,314,Wed Jan 31 2018 12:41:34 GMT-0600 (Central Standard Time),PnUcE7oTGf,SHOT,,e50Hw33JO1,Wed Jan 31 2018 12:41:34 GMT-0600 (Central Standard Time),ZONaVCJXMP
T7bkh6TEa5,2017,UduPUwNkXKU,null,2,2414,Wed Feb 07 2018 20:33:13 GMT-0600 (Central Standard Time),PnUcE7oTGf,OFFENSE,,,Wed Feb 07 2018 20:33:13 GMT-0600 (Central Standard Time),0eHM4yAUtR
TFbuSKCoXr,2017,UduPUwNkXKU,null,1,1982,Wed Feb 07 2018 19:56:00 GMT-0600 (Central Standard Time),PnUcE7oTGf,OFFENSE,,,Wed Feb 07 2018 19:56:00 GMT-0600 (Central Standard Time),ZONaVCJXMP
THXBDaRiew,2017,UduPUwNkXKU,null,,1023,Wed Jan 31 2018 13:02:17 GMT-0600 (Central Standard Time),PnUcE7oTGf,GAIN_CONTROL,,,Wed Jan 31 2018 13:02:17 GMT-0600 (Central Standard Time),0eHM4yAUtR
TPxIXlVTIJ,2017,UduPUwNkXKU,null,2,2656,Wed Feb 07 2018 20:50:22 GMT-0600 (Central Standard Time),PnUcE7oTGf,DEFENSE,,,Wed Feb 07 2018 20:50:22 GMT-0600 (Central Standard Time),0eHM4yAUtR
TdAAytKkYV,2017,UduPUwNkXKU,null,,852,Wed Jan 31 2018 12:55:48 GMT-0600 (Central Standard Time),PnUcE7oTGf,GAIN_CONTROL,,,Wed Jan 31 2018 12:55:48 GMT-0600 (Central Standard Time),0eHM4yAUtR
Tk13B448Lt,2017,UduPUwNkXKU,null,1,2656,Wed Feb 07 2018 20:50:22 GMT-0600 (Central Standard Time),PnUcE7oTGf,DEFENSE,,,Wed Feb 07 2018 20:50:22 GMT-0600 (Central Standard Time),0eHM4yAUtR
TqBvkCGhy8,2017,UduPUwNkXKU,null,,235,Wed Jan 31 2018 12:37:44 GMT-0600 (Central Standard Time),PnUcE7oTGf,SUB,6Yaq4XFaKd,lmRl9DuW0c,Wed Jan 31 2018 12:37:44 GMT-0600 (Central Standard Time),ZONaVCJXMP
U3PeF1igYy,2017,UduPUwNkXKU,null,,2882,Wed Feb 07 2018 20:59:08 GMT-0600 (Central Standard Time),PnUcE7oTGf,ASSIST,,mrNtl0DtIC,Wed Feb 07 2018 20:59:08 GMT-0600 (Central Standard Time),ZONaVCJXMP
U3ZDfMi0TO,2017,UduPUwNkXKU,null,0,2132,Wed Feb 07 2018 20:13:57 GMT-0600 (Central Standard Time),PnUcE7oTGf,DEFENSE,,,Wed Feb 07 2018 20:13:57 GMT-0600 (Central Standard Time),0eHM4yAUtR
UCEUW6JMHF,2017,UduPUwNkXKU,null,1,1773,Wed Jan 31 2018 17:00:52 GMT-0600 (Central Standard Time),PnUcE7oTGf,OFFENSE,,,Wed Jan 31 2018 17:00:52 GMT-0600 (Central Standard Time),ZONaVCJXMP
UMppO2Mfvk,2017,UduPUwNkXKU,null,,493,Wed Jan 31 2018 12:47:14 GMT-0600 (Central Standard Time),PnUcE7oTGf,GAIN_CONTROL,,,Wed Jan 31 2018 12:47:14 GMT-0600 (Central Standard Time),0eHM4yAUtR
UPCRfBEVT5,2017,UduPUwNkXKU,null,1,1436,Wed Jan 31 2018 13:09:28 GMT-0600 (Central Standard Time),PnUcE7oTGf,OFFENSE,,,Wed Jan 31 2018 13:09:28 GMT-0600 (Central Standard Time),0eHM4yAUtR
USsiDvoR7b,2017,UduPUwNkXKU,null,,2031,Wed Feb 07 2018 19:58:25 GMT-0600 (Central Standard Time),PnUcE7oTGf,LOSE_CONTROL,,,Wed Feb 07 2018 19:58:25 GMT-0600 (Central Standard Time),0eHM4yAUtR
UXvmsNamSE,2017,UduPUwNkXKU,null,1,2132,Wed Feb 07 2018 20:13:58 GMT-0600 (Central Standard Time),PnUcE7oTGf,OFFENSE,,,Wed Feb 07 2018 20:13:58 GMT-0600 (Central Standard Time),ZONaVCJXMP
Uj2DYjkQtQ,2017,UduPUwNkXKU,null,,2598,Wed Feb 07 2018 20:49:19 GMT-0600 (Central Standard Time),PnUcE7oTGf,PAUSE_CLOCK,,,Wed Feb 07 2018 20:49:19 GMT-0600 (Central Standard Time),ZONaVCJXMP
UjlGTkHwq8,2017,UduPUwNkXKU,null,2,2985,Wed Feb 07 2018 21:03:44 GMT-0600 (Central Standard Time),PnUcE7oTGf,OFFENSE,,,Wed Feb 07 2018 21:03:44 GMT-0600 (Central Standard Time),ZONaVCJXMP
UujimQHiBX,2017,UduPUwNkXKU,null,,2714,Wed Feb 07 2018 20:54:04 GMT-0600 (Central Standard Time),PnUcE7oTGf,TURNOVER,,e50Hw33JO1,Wed Feb 07 2018 20:54:04 GMT-0600 (Central Standard Time),ZONaVCJXMP
UwzsiSpGeU,2017,UduPUwNkXKU,null,0,1982,Wed Feb 07 2018 19:55:59 GMT-0600 (Central Standard Time),PnUcE7oTGf,DEFENSE,,,Wed Feb 07 2018 19:55:59 GMT-0600 (Central Standard Time),0eHM4yAUtR
V4bfufa14M,2017,UduPUwNkXKU,null,2,2022,Wed Feb 07 2018 19:57:23 GMT-0600 (Central Standard Time),PnUcE7oTGf,OFFENSE,,,Wed Feb 07 2018 19:57:23 GMT-0600 (Central Standard Time),0eHM4yAUtR
VL7vJLKPOR,2017,UduPUwNkXKU,null,0,1574,Wed Jan 31 2018 13:14:42 GMT-0600 (Central Standard Time),PnUcE7oTGf,DEFENSE,,,Wed Jan 31 2018 13:14:42 GMT-0600 (Central Standard Time),0eHM4yAUtR
VL9cklT8YE,2017,UduPUwNkXKU,null,,902,Wed Jan 31 2018 12:58:04 GMT-0600 (Central Standard Time),PnUcE7oTGf,SUB,hOWNm6HyjL,aN5MeFmEvv,Wed Jan 31 2018 12:58:04 GMT-0600 (Central Standard Time),ZONaVCJXMP
VdCY5BvShb,2017,UduPUwNkXKU,null,1,875,Wed Jan 31 2018 12:56:43 GMT-0600 (Central Standard Time),PnUcE7oTGf,OFFENSE,,,Wed Jan 31 2018 12:56:43 GMT-0600 (Central Standard Time),0eHM4yAUtR
VoxnVQ7LSR,2017,UduPUwNkXKU,null,,1872,Wed Jan 31 2018 17:14:03 GMT-0600 (Central Standard Time),PnUcE7oTGf,LOSE_CONTROL,,,Wed Jan 31 2018 17:14:03 GMT-0600 (Central Standard Time),0eHM4yAUtR
VrR7662giF,2017,UduPUwNkXKU,null,,2747,Wed Feb 07 2018 20:55:20 GMT-0600 (Central Standard Time),PnUcE7oTGf,SWAP,e50Hw33JO1,pPsyr6tcke,Wed Feb 07 2018 20:55:20 GMT-0600 (Central Standard Time),ZONaVCJXMP
VsQJU0nnJC,2017,UduPUwNkXKU,null,,58,Wed Jan 31 2018 12:29:59 GMT-0600 (Central Standard Time),PnUcE7oTGf,GAIN_CONTROL,,,Wed Jan 31 2018 12:29:59 GMT-0600 (Central Standard Time),0eHM4yAUtR
VxnLncTnIz,2017,UduPUwNkXKU,null,0,2795,Wed Feb 07 2018 20:56:28 GMT-0600 (Central Standard Time),PnUcE7oTGf,DEFENSE,,,Wed Feb 07 2018 20:56:28 GMT-0600 (Central Standard Time),0eHM4yAUtR
WApeQfKibv,2017,UduPUwNkXKU,null,,2144,Wed Feb 07 2018 20:15:06 GMT-0600 (Central Standard Time),PnUcE7oTGf,PAUSE_CLOCK,,,Wed Feb 07 2018 20:15:06 GMT-0600 (Central Standard Time),0eHM4yAUtR
WEFI2YSDFW,2017,UduPUwNkXKU,null,,1868,Wed Jan 31 2018 17:15:59 GMT-0600 (Central Standard Time),PnUcE7oTGf,SUB,lnNVPhfE9P,e50Hw33JO1,Wed Jan 31 2018 17:15:59 GMT-0600 (Central Standard Time),ZONaVCJXMP
WLkKooskmp,2017,UduPUwNkXKU,null,2,535,Wed Jan 31 2018 12:49:30 GMT-0600 (Central Standard Time),PnUcE7oTGf,DEFENSE,,,Wed Jan 31 2018 12:49:30 GMT-0600 (Central Standard Time),0eHM4yAUtR
WOTQc29Rzs,2017,UduPUwNkXKU,null,,2318,Wed Feb 07 2018 20:25:01 GMT-0600 (Central Standard Time),PnUcE7oTGf,GAIN_CONTROL,,,Wed Feb 07 2018 20:25:01 GMT-0600 (Central Standard Time),0eHM4yAUtR
WQSQy1gDLO,2017,UduPUwNkXKU,null,1,2795,Wed Feb 07 2018 20:56:28 GMT-0600 (Central Standard Time),PnUcE7oTGf,DEFENSE,,,Wed Feb 07 2018 20:56:28 GMT-0600 (Central Standard Time),0eHM4yAUtR
WgPFljg0PP,2017,UduPUwNkXKU,null,,1591,Wed Jan 31 2018 16:56:06 GMT-0600 (Central Standard Time),PnUcE7oTGf,GAIN_CONTROL,,,Wed Jan 31 2018 16:56:06 GMT-0600 (Central Standard Time),0eHM4yAUtR
Wl3DbVDOMp,2017,UduPUwNkXKU,null,,1779,Wed Jan 31 2018 17:01:02 GMT-0600 (Central Standard Time),PnUcE7oTGf,ASSIST,,pPsyr6tcke,Wed Jan 31 2018 17:01:02 GMT-0600 (Central Standard Time),ZONaVCJXMP
Wt6pYvFDlz,2017,UduPUwNkXKU,null,2,1609,Wed Jan 31 2018 16:56:27 GMT-0600 (Central Standard Time),PnUcE7oTGf,OFFENSE,,,Wed Jan 31 2018 16:56:27 GMT-0600 (Central Standard Time),ZONaVCJXMP
XBi4xjfFjj,2017,UduPUwNkXKU,null,,942,Wed Jan 31 2018 12:59:09 GMT-0600 (Central Standard Time),PnUcE7oTGf,LOSE_CONTROL,,,Wed Jan 31 2018 12:59:09 GMT-0600 (Central Standard Time),0eHM4yAUtR
XHyGrqp14e,2017,UduPUwNkXKU,null,1,304,Wed Jan 31 2018 12:41:05 GMT-0600 (Central Standard Time),PnUcE7oTGf,OFFENSE,,,Wed Jan 31 2018 12:41:05 GMT-0600 (Central Standard Time),ZONaVCJXMP
XS5MMefTyS,2017,UduPUwNkXKU,null,1,2665,Wed Feb 07 2018 20:51:35 GMT-0600 (Central Standard Time),PnUcE7oTGf,OFFENSE,,,Wed Feb 07 2018 20:51:35 GMT-0600 (Central Standard Time),0eHM4yAUtR
Xjp0iqwWZP,2017,UduPUwNkXKU,null,,2425,Wed Feb 07 2018 20:41:48 GMT-0600 (Central Standard Time),PnUcE7oTGf,GOAL,,,Wed Feb 07 2018 20:41:48 GMT-0600 (Central Standard Time),0eHM4yAUtR
XqA9xoZFWW,2017,UduPUwNkXKU,null,,1424,Wed Jan 31 2018 13:09:09 GMT-0600 (Central Standard Time),PnUcE7oTGf,AWAY_GOAL,,,Wed Jan 31 2018 13:09:09 GMT-0600 (Central Standard Time),0eHM4yAUtR
XseubwuVps,2017,UduPUwNkXKU,null,,1944,Wed Feb 07 2018 19:52:50 GMT-0600 (Central Standard Time),PnUcE7oTGf,AWAY_GOAL,,,Wed Feb 07 2018 19:52:50 GMT-0600 (Central Standard Time),0eHM4yAUtR
Y3YPAKYBhV,2017,UduPUwNkXKU,null,,71,Wed Jan 31 2018 12:30:52 GMT-0600 (Central Standard Time),PnUcE7oTGf,GOAL,,pPsyr6tcke,Wed Jan 31 2018 12:30:52 GMT-0600 (Central Standard Time),ZONaVCJXMP
Y6BLtxjEhW,2017,UduPUwNkXKU,null,,2970,Wed Feb 07 2018 21:02:21 GMT-0600 (Central Standard Time),PnUcE7oTGf,GOAL,,,Wed Feb 07 2018 21:02:21 GMT-0600 (Central Standard Time),0eHM4yAUtR
Y9Eod8Vlhz,2017,UduPUwNkXKU,null,,2345,Wed Feb 07 2018 20:31:05 GMT-0600 (Central Standard Time),PnUcE7oTGf,GAIN_CONTROL,,,Wed Feb 07 2018 20:31:05 GMT-0600 (Central Standard Time),ZONaVCJXMP
YLl7Eb5ijp,2017,UduPUwNkXKU,null,1,2985,Wed Feb 07 2018 21:03:43 GMT-0600 (Central Standard Time),PnUcE7oTGf,DEFENSE,,,Wed Feb 07 2018 21:03:43 GMT-0600 (Central Standard Time),0eHM4yAUtR
YRBrjxD8iF,2017,UduPUwNkXKU,null,2,2261,Wed Feb 07 2018 20:15:41 GMT-0600 (Central Standard Time),PnUcE7oTGf,OFFENSE,,,Wed Feb 07 2018 20:15:41 GMT-0600 (Central Standard Time),0eHM4yAUtR
YY6VVQglvB,2017,UduPUwNkXKU,null,,16,Wed Jan 31 2018 12:23:29 GMT-0600 (Central Standard Time),PnUcE7oTGf,START_CLOCK,,,Wed Jan 31 2018 12:23:29 GMT-0600 (Central Standard Time),ZONaVCJXMP
YZQ1fHoXiH,2017,UduPUwNkXKU,null,,1517,Wed Jan 31 2018 13:13:02 GMT-0600 (Central Standard Time),PnUcE7oTGf,SUB,e50Hw33JO1,oDiylfxaCV,Wed Jan 31 2018 13:13:02 GMT-0600 (Central Standard Time),ZONaVCJXMP
Yhh89w3QuC,2017,UduPUwNkXKU,null,1,1452,Wed Jan 31 2018 13:10:38 GMT-0600 (Central Standard Time),PnUcE7oTGf,DEFENSE,,,Wed Jan 31 2018 13:10:38 GMT-0600 (Central Standard Time),0eHM4yAUtR
Ym0EPMqufA,2017,UduPUwNkXKU,null,,1950,Wed Feb 07 2018 19:55:01 GMT-0600 (Central Standard Time),PnUcE7oTGf,LOSE_CONTROL,,,Wed Feb 07 2018 19:55:01 GMT-0600 (Central Standard Time),ZONaVCJXMP
Ymu4tieLjz,2017,UduPUwNkXKU,null,2,2573,Wed Feb 07 2018 20:48:45 GMT-0600 (Central Standard Time),PnUcE7oTGf,DEFENSE,,,Wed Feb 07 2018 20:48:45 GMT-0600 (Central Standard Time),ZONaVCJXMP
Yqh8t20SD6,2017,UduPUwNkXKU,null,1,2340,Wed Feb 07 2018 20:25:28 GMT-0600 (Central Standard Time),PnUcE7oTGf,DEFENSE,,,Wed Feb 07 2018 20:25:28 GMT-0600 (Central Standard Time),0eHM4yAUtR
ZA3AwdEswf,2017,UduPUwNkXKU,null,,1242,Wed Jan 31 2018 13:04:19 GMT-0600 (Central Standard Time),PnUcE7oTGf,SUB,gtVOlncQQC,21qrrjSuuO,Wed Jan 31 2018 13:04:19 GMT-0600 (Central Standard Time),ZONaVCJXMP
ZJ9AF9I0kq,2017,UduPUwNkXKU,null,,2131,Wed Feb 07 2018 20:13:51 GMT-0600 (Central Standard Time),PnUcE7oTGf,START_CLOCK,,,Wed Feb 07 2018 20:13:51 GMT-0600 (Central Standard Time),ZONaVCJXMP
ZWrF4d2NDe,2017,UduPUwNkXKU,null,,832,Wed Jan 31 2018 12:55:25 GMT-0600 (Central Standard Time),PnUcE7oTGf,GOAL,,pPsyr6tcke,Wed Jan 31 2018 12:55:25 GMT-0600 (Central Standard Time),ZONaVCJXMP
Zo1dX2YYdD,2017,UduPUwNkXKU,null,,1877,Wed Jan 31 2018 17:14:20 GMT-0600 (Central Standard Time),PnUcE7oTGf,AWAY_GOAL,,,Wed Jan 31 2018 17:14:20 GMT-0600 (Central Standard Time),0eHM4yAUtR
ZpgW3AbpXT,2017,UduPUwNkXKU,null,2,38,Wed Jan 31 2018 12:28:01 GMT-0600 (Central Standard Time),PnUcE7oTGf,OFFENSE,,,Wed Jan 31 2018 12:28:01 GMT-0600 (Central Standard Time),0eHM4yAUtR
Zxf1m7tvPo,2017,UduPUwNkXKU,null,,2351,Wed Feb 07 2018 20:25:48 GMT-0600 (Central Standard Time),PnUcE7oTGf,AWAY_GOAL,,,Wed Feb 07 2018 20:25:48 GMT-0600 (Central Standard Time),0eHM4yAUtR
aJ8ttFzbII,2017,UduPUwNkXKU,null,1,2508,Wed Feb 07 2018 20:43:56 GMT-0600 (Central Standard Time),PnUcE7oTGf,DEFENSE,,,Wed Feb 07 2018 20:43:56 GMT-0600 (Central Standard Time),0eHM4yAUtR
abQ3NBcOtM,2017,UduPUwNkXKU,null,2,2304,Wed Feb 07 2018 20:16:46 GMT-0600 (Central Standard Time),PnUcE7oTGf,OFFENSE,,,Wed Feb 07 2018 20:16:46 GMT-0600 (Central Standard Time),0eHM4yAUtR
ai702XLYKC,2017,UduPUwNkXKU,null,,2825,Wed Feb 07 2018 20:58:00 GMT-0600 (Central Standard Time),PnUcE7oTGf,SUB,aN5MeFmEvv,gtVOlncQQC,Wed Feb 07 2018 20:58:00 GMT-0600 (Central Standard Time),ZONaVCJXMP
aisCXFkKkB,2017,UduPUwNkXKU,null,,1449,Wed Jan 31 2018 13:09:57 GMT-0600 (Central Standard Time),PnUcE7oTGf,GAIN_CONTROL,,,Wed Jan 31 2018 13:09:57 GMT-0600 (Central Standard Time),ZONaVCJXMP
akMH14sCpq,2017,UduPUwNkXKU,null,2,1899,Wed Jan 31 2018 17:16:27 GMT-0600 (Central Standard Time),PnUcE7oTGf,DEFENSE,,,Wed Jan 31 2018 17:16:27 GMT-0600 (Central Standard Time),ZONaVCJXMP
aqCNjqG90p,2017,UduPUwNkXKU,null,0,2656,Wed Feb 07 2018 20:50:21 GMT-0600 (Central Standard Time),PnUcE7oTGf,DEFENSE,,,Wed Feb 07 2018 20:50:21 GMT-0600 (Central Standard Time),0eHM4yAUtR
avguupHNOB,2017,UduPUwNkXKU,null,,2004,Wed Feb 07 2018 19:56:42 GMT-0600 (Central Standard Time),PnUcE7oTGf,TAKEAWAY,,lnNVPhfE9P,Wed Feb 07 2018 19:56:42 GMT-0600 (Central Standard Time),ZONaVCJXMP
awN2iNq83f,2017,UduPUwNkXKU,null,0,239,Wed Jan 31 2018 12:38:28 GMT-0600 (Central Standard Time),PnUcE7oTGf,OFFENSE,,,Wed Jan 31 2018 12:38:28 GMT-0600 (Central Standard Time),ZONaVCJXMP
axrPcBGMvr,2017,UduPUwNkXKU,null,,1478,Wed Jan 31 2018 13:11:49 GMT-0600 (Central Standard Time),PnUcE7oTGf,GAIN_CONTROL,,,Wed Jan 31 2018 13:11:49 GMT-0600 (Central Standard Time),0eHM4yAUtR
b3xTEuELK8,2017,UduPUwNkXKU,null,,2936,Wed Feb 07 2018 21:01:51 GMT-0600 (Central Standard Time),PnUcE7oTGf,TURNOVER,,mrNtl0DtIC,Wed Feb 07 2018 21:01:51 GMT-0600 (Central Standard Time),ZONaVCJXMP
bDNy3iyDjt,2017,UduPUwNkXKU,null,1,2517,Wed Feb 07 2018 20:44:17 GMT-0600 (Central Standard Time),PnUcE7oTGf,DEFENSE,,,Wed Feb 07 2018 20:44:17 GMT-0600 (Central Standard Time),0eHM4yAUtR
bJnrNX5YCL,2017,UduPUwNkXKU,null,,1360,Wed Jan 31 2018 13:06:28 GMT-0600 (Central Standard Time),PnUcE7oTGf,TURNOVER,,hAM7ngJmlm,Wed Jan 31 2018 13:06:28 GMT-0600 (Central Standard Time),ZONaVCJXMP
bOwmAmBp1r,2017,UduPUwNkXKU,null,,1835,Wed Jan 31 2018 17:01:41 GMT-0600 (Central Standard Time),PnUcE7oTGf,START_CLOCK,,,Wed Jan 31 2018 17:01:41 GMT-0600 (Central Standard Time),0eHM4yAUtR
bUI0BpVxnA,2017,UduPUwNkXKU,null,,2131,Wed Feb 07 2018 20:13:51 GMT-0600 (Central Standard Time),PnUcE7oTGf,START_CLOCK,,,Wed Feb 07 2018 20:13:51 GMT-0600 (Central Standard Time),0eHM4yAUtR
bZZM2hAAgi,2017,UduPUwNkXKU,null,,548,Wed Jan 31 2018 12:49:58 GMT-0600 (Central Standard Time),PnUcE7oTGf,SHOT,,pPsyr6tcke,Wed Jan 31 2018 12:49:58 GMT-0600 (Central Standard Time),ZONaVCJXMP
bbYsvDWe2E,2017,UduPUwNkXKU,null,2,2518,Wed Feb 07 2018 20:45:37 GMT-0600 (Central Standard Time),PnUcE7oTGf,OFFENSE,,,Wed Feb 07 2018 20:45:37 GMT-0600 (Central Standard Time),ZONaVCJXMP
bkFqvmwlAV,2017,UduPUwNkXKU,null,2,87,Wed Jan 31 2018 12:31:04 GMT-0600 (Central Standard Time),PnUcE7oTGf,OFFENSE,,,Wed Jan 31 2018 12:31:04 GMT-0600 (Central Standard Time),0eHM4yAUtR
bpJ2odNkSq,2017,UduPUwNkXKU,null,2,1010,Wed Jan 31 2018 12:59:53 GMT-0600 (Central Standard Time),PnUcE7oTGf,DEFENSE,,,Wed Jan 31 2018 12:59:53 GMT-0600 (Central Standard Time),ZONaVCJXMP
btV8jgx9NX,2017,UduPUwNkXKU,null,,852,Wed Jan 31 2018 12:55:48 GMT-0600 (Central Standard Time),PnUcE7oTGf,LOSE_CONTROL,,,Wed Jan 31 2018 12:55:48 GMT-0600 (Central Standard Time),ZONaVCJXMP
c4EaqsMMmM,2017,UduPUwNkXKU,null,2,1588,Wed Jan 31 2018 16:56:16 GMT-0600 (Central Standard Time),PnUcE7oTGf,OFFENSE,,,Wed Jan 31 2018 16:56:16 GMT-0600 (Central Standard Time),0eHM4yAUtR
cC3z2GJF2B,2017,UduPUwNkXKU,null,,2351,Wed Feb 07 2018 20:25:48 GMT-0600 (Central Standard Time),PnUcE7oTGf,GOAL,,mrNtl0DtIC,Wed Feb 07 2018 20:25:48 GMT-0600 (Central Standard Time),ZONaVCJXMP
cLwplEGczj,2017,UduPUwNkXKU,null,,2116,Wed Feb 07 2018 20:13:30 GMT-0600 (Central Standard Time),PnUcE7oTGf,PAUSE_CLOCK,,,Wed Feb 07 2018 20:13:30 GMT-0600 (Central Standard Time),0eHM4yAUtR
cNfVntr7Pi,2017,UduPUwNkXKU,null,2,38,Wed Jan 31 2018 12:28:01 GMT-0600 (Central Standard Time),PnUcE7oTGf,DEFENSE,,,Wed Jan 31 2018 12:28:01 GMT-0600 (Central Standard Time),ZONaVCJXMP
cOH1N9xlNh,2017,UduPUwNkXKU,null,1,2958,Wed Feb 07 2018 21:01:57 GMT-0600 (Central Standard Time),PnUcE7oTGf,OFFENSE,,,Wed Feb 07 2018 21:01:57 GMT-0600 (Central Standard Time),0eHM4yAUtR
cU1tbvZXyg,2017,UduPUwNkXKU,null,,2786,Wed Feb 07 2018 20:55:51 GMT-0600 (Central Standard Time),PnUcE7oTGf,START_CLOCK,,,Wed Feb 07 2018 20:55:51 GMT-0600 (Central Standard Time),0eHM4yAUtR
cW7ZYPl0hE,2017,UduPUwNkXKU,null,2,87,Wed Jan 31 2018 12:31:04 GMT-0600 (Central Standard Time),PnUcE7oTGf,DEFENSE,,,Wed Jan 31 2018 12:31:04 GMT-0600 (Central Standard Time),ZONaVCJXMP
caBpwhRR3K,2017,UduPUwNkXKU,null,,2825,Wed Feb 07 2018 20:57:56 GMT-0600 (Central Standard Time),PnUcE7oTGf,SUB,Q9dSvngdsQ,lmRl9DuW0c,Wed Feb 07 2018 20:57:56 GMT-0600 (Central Standard Time),ZONaVCJXMP
cpNT3yh70G,2017,UduPUwNkXKU,null,,902,Wed Jan 31 2018 12:57:54 GMT-0600 (Central Standard Time),PnUcE7oTGf,SUB,hAM7ngJmlm,RY9uvxgIjJ,Wed Jan 31 2018 12:57:54 GMT-0600 (Central Standard Time),ZONaVCJXMP
cpwsqTV5Bz,2017,UduPUwNkXKU,null,,467,Wed Jan 31 2018 12:45:35 GMT-0600 (Central Standard Time),PnUcE7oTGf,TAKEAWAY,,e50Hw33JO1,Wed Jan 31 2018 12:45:35 GMT-0600 (Central Standard Time),ZONaVCJXMP
dDwz3R2rKC,2017,UduPUwNkXKU,null,,2513,Wed Feb 07 2018 20:44:02 GMT-0600 (Central Standard Time),PnUcE7oTGf,LOSE_CONTROL,,,Wed Feb 07 2018 20:44:02 GMT-0600 (Central Standard Time),ZONaVCJXMP
dGBk5ZriSr,2017,UduPUwNkXKU,null,,2650,Wed Feb 07 2018 20:50:01 GMT-0600 (Central Standard Time),PnUcE7oTGf,START_CLOCK,,,Wed Feb 07 2018 20:50:01 GMT-0600 (Central Standard Time),0eHM4yAUtR
dNB994FlFl,2017,UduPUwNkXKU,null,,3016,Wed Feb 07 2018 21:04:34 GMT-0600 (Central Standard Time),PnUcE7oTGf,GOAL,,dAPvyRjR6z,Wed Feb 07 2018 21:04:34 GMT-0600 (Central Standard Time),ZONaVCJXMP
dcQTYbrCE8,2017,UduPUwNkXKU,null,1,1922,Wed Feb 07 2018 19:52:02 GMT-0600 (Central Standard Time),PnUcE7oTGf,OFFENSE,,,Wed Feb 07 2018 19:52:02 GMT-0600 (Central Standard Time),ZONaVCJXMP
dcTs9DkGNC,2017,UduPUwNkXKU,null,,2088,Wed Feb 07 2018 20:13:03 GMT-0600 (Central Standard Time),PnUcE7oTGf,PAUSE_CLOCK,,,Wed Feb 07 2018 20:13:03 GMT-0600 (Central Standard Time),0eHM4yAUtR
dhsCW6mkSR,2017,UduPUwNkXKU,null,,1748,Wed Jan 31 2018 16:58:22 GMT-0600 (Central Standard Time),PnUcE7oTGf,START_CLOCK,,,Wed Jan 31 2018 16:58:22 GMT-0600 (Central Standard Time),0eHM4yAUtR
dyHOxEtmRb,2017,UduPUwNkXKU,null,,1242,Wed Jan 31 2018 13:04:26 GMT-0600 (Central Standard Time),PnUcE7oTGf,SUB,mrNtl0DtIC,lnNVPhfE9P,Wed Jan 31 2018 13:04:26 GMT-0600 (Central Standard Time),ZONaVCJXMP
dya99JpPkY,2017,UduPUwNkXKU,null,2,477,Wed Jan 31 2018 12:45:53 GMT-0600 (Central Standard Time),PnUcE7oTGf,DEFENSE,,,Wed Jan 31 2018 12:45:53 GMT-0600 (Central Standard Time),ZONaVCJXMP
e66nO0Dg16,2017,UduPUwNkXKU,null,1,173,Wed Jan 31 2018 12:34:55 GMT-0600 (Central Standard Time),PnUcE7oTGf,DEFENSE,,,Wed Jan 31 2018 12:34:55 GMT-0600 (Central Standard Time),0eHM4yAUtR
eFolXRlkAU,2017,UduPUwNkXKU,null,,47,Wed Jan 31 2018 12:28:13 GMT-0600 (Central Standard Time),PnUcE7oTGf,GOAL,,,Wed Jan 31 2018 12:28:13 GMT-0600 (Central Standard Time),0eHM4yAUtR
eG6iHdmFJn,2017,UduPUwNkXKU,null,,2102,Wed Feb 07 2018 20:13:11 GMT-0600 (Central Standard Time),PnUcE7oTGf,YELLOW_CARD,null,RY9uvxgIjJ,Wed Feb 07 2018 20:13:11 GMT-0600 (Central Standard Time),ZONaVCJXMP
eJKEozWVMh,2017,UduPUwNkXKU,null,1,2261,Wed Feb 07 2018 20:15:41 GMT-0600 (Central Standard Time),PnUcE7oTGf,OFFENSE,,,Wed Feb 07 2018 20:15:41 GMT-0600 (Central Standard Time),0eHM4yAUtR
ePdY7l8lSw,2017,UduPUwNkXKU,null,0,1874,Wed Jan 31 2018 17:14:13 GMT-0600 (Central Standard Time),PnUcE7oTGf,OFFENSE,,,Wed Jan 31 2018 17:14:13 GMT-0600 (Central Standard Time),ZONaVCJXMP
eYe7RP4YZP,2017,UduPUwNkXKU,null,,1412,Wed Jan 31 2018 13:08:21 GMT-0600 (Central Standard Time),PnUcE7oTGf,SUB,bHBvdERj00,hAM7ngJmlm,Wed Jan 31 2018 13:08:21 GMT-0600 (Central Standard Time),ZONaVCJXMP
ef91ur7cAs,2017,UduPUwNkXKU,null,,2116,Wed Feb 07 2018 20:13:30 GMT-0600 (Central Standard Time),PnUcE7oTGf,PAUSE_CLOCK,,,Wed Feb 07 2018 20:13:30 GMT-0600 (Central Standard Time),ZONaVCJXMP
epydJPquCf,2017,UduPUwNkXKU,null,2,325,Wed Jan 31 2018 12:42:03 GMT-0600 (Central Standard Time),PnUcE7oTGf,OFFENSE,,,Wed Jan 31 2018 12:42:03 GMT-0600 (Central Standard Time),0eHM4yAUtR
f1qSnWpSCR,2017,UduPUwNkXKU,null,,184,Wed Jan 31 2018 12:35:24 GMT-0600 (Central Standard Time),PnUcE7oTGf,GOAL,,lnNVPhfE9P,Wed Jan 31 2018 12:35:24 GMT-0600 (Central Standard Time),ZONaVCJXMP
f3FF4S6w1P,2017,UduPUwNkXKU,null,,103,Wed Jan 31 2018 12:32:38 GMT-0600 (Central Standard Time),PnUcE7oTGf,GOAL,,,Wed Jan 31 2018 12:32:38 GMT-0600 (Central Standard Time),0eHM4yAUtR
faZ1Y3VVAN,2017,UduPUwNkXKU,null,,1340,Wed Jan 31 2018 13:06:45 GMT-0600 (Central Standard Time),PnUcE7oTGf,GAIN_CONTROL,,,Wed Jan 31 2018 13:06:45 GMT-0600 (Central Standard Time),ZONaVCJXMP
foXPx2CWFu,2017,UduPUwNkXKU,null,,513,Wed Jan 31 2018 12:48:19 GMT-0600 (Central Standard Time),PnUcE7oTGf,GOAL,,,Wed Jan 31 2018 12:48:19 GMT-0600 (Central Standard Time),0eHM4yAUtR
fy9Q1VrxRE,2017,UduPUwNkXKU,null,1,2365,Wed Feb 07 2018 20:30:37 GMT-0600 (Central Standard Time),PnUcE7oTGf,OFFENSE,,,Wed Feb 07 2018 20:30:37 GMT-0600 (Central Standard Time),0eHM4yAUtR
g583vS514n,2017,UduPUwNkXKU,null,0,110,Wed Jan 31 2018 12:32:48 GMT-0600 (Central Standard Time),PnUcE7oTGf,OFFENSE,,,Wed Jan 31 2018 12:32:48 GMT-0600 (Central Standard Time),ZONaVCJXMP
gAVDQyYrMZ,2017,UduPUwNkXKU,null,,2954,Wed Feb 07 2018 21:01:44 GMT-0600 (Central Standard Time),PnUcE7oTGf,START_CLOCK,,,Wed Feb 07 2018 21:01:44 GMT-0600 (Central Standard Time),ZONaVCJXMP
gRWr4cgQfX,2017,UduPUwNkXKU,null,,942,Wed Jan 31 2018 12:59:09 GMT-0600 (Central Standard Time),PnUcE7oTGf,GAIN_CONTROL,,,Wed Jan 31 2018 12:59:09 GMT-0600 (Central Standard Time),ZONaVCJXMP
ghDNdAdPgm,2017,UduPUwNkXKU,null,,348,Wed Jan 31 2018 12:43:35 GMT-0600 (Central Standard Time),PnUcE7oTGf,TAKEAWAY,,0kBR9KgDGS,Wed Jan 31 2018 12:43:35 GMT-0600 (Central Standard Time),ZONaVCJXMP
gnQCMowitH,2017,UduPUwNkXKU,null,,2021,Wed Feb 07 2018 19:57:08 GMT-0600 (Central Standard Time),PnUcE7oTGf,TURNOVER,,0kBR9KgDGS,Wed Feb 07 2018 19:57:08 GMT-0600 (Central Standard Time),ZONaVCJXMP
h67WxZasYo,2017,UduPUwNkXKU,null,,244,Wed Jan 31 2018 12:38:02 GMT-0600 (Central Standard Time),PnUcE7oTGf,GOAL,,0kBR9KgDGS,Wed Jan 31 2018 12:38:02 GMT-0600 (Central Standard Time),ZONaVCJXMP
h87jXbqEBa,2017,UduPUwNkXKU,null,2,194,Wed Jan 31 2018 12:35:35 GMT-0600 (Central Standard Time),PnUcE7oTGf,OFFENSE,,,Wed Jan 31 2018 12:35:35 GMT-0600 (Central Standard Time),0eHM4yAUtR
hCfkll8VFq,2017,UduPUwNkXKU,null,,2647,Wed Feb 07 2018 20:50:10 GMT-0600 (Central Standard Time),PnUcE7oTGf,SUB,PudHIgqgWl,hOWNm6HyjL,Wed Feb 07 2018 20:50:10 GMT-0600 (Central Standard Time),ZONaVCJXMP
hG0Fhb6NAa,2017,UduPUwNkXKU,null,,1029,Wed Jan 31 2018 13:00:17 GMT-0600 (Central Standard Time),PnUcE7oTGf,PAUSE_CLOCK,,,Wed Jan 31 2018 13:00:17 GMT-0600 (Central Standard Time),0eHM4yAUtR
hIniKql04m,2017,UduPUwNkXKU,null,,1478,Wed Jan 31 2018 13:11:49 GMT-0600 (Central Standard Time),PnUcE7oTGf,LOSE_CONTROL,,,Wed Jan 31 2018 13:11:49 GMT-0600 (Central Standard Time),ZONaVCJXMP
hJiASVaLMh,2017,UduPUwNkXKU,null,,458,Wed Jan 31 2018 12:44:46 GMT-0600 (Central Standard Time),PnUcE7oTGf,START_CLOCK,,,Wed Jan 31 2018 12:44:46 GMT-0600 (Central Standard Time),ZONaVCJXMP
hbQCDUDCVW,2017,UduPUwNkXKU,null,1,468,Wed Jan 31 2018 12:45:39 GMT-0600 (Central Standard Time),PnUcE7oTGf,OFFENSE,,,Wed Jan 31 2018 12:45:39 GMT-0600 (Central Standard Time),ZONaVCJXMP
hnFi8IHKmp,2017,UduPUwNkXKU,null,,1027,Wed Jan 31 2018 13:00:14 GMT-0600 (Central Standard Time),PnUcE7oTGf,GOAL,,,Wed Jan 31 2018 13:00:14 GMT-0600 (Central Standard Time),0eHM4yAUtR
hnnFlg4rNh,2017,UduPUwNkXKU,null,2,2955,Wed Feb 07 2018 21:02:40 GMT-0600 (Central Standard Time),PnUcE7oTGf,OFFENSE,,,Wed Feb 07 2018 21:02:40 GMT-0600 (Central Standard Time),0eHM4yAUtR
i7OyCtSGWU,2017,UduPUwNkXKU,null,2,1334,Wed Jan 31 2018 13:05:51 GMT-0600 (Central Standard Time),PnUcE7oTGf,OFFENSE,,,Wed Jan 31 2018 13:05:51 GMT-0600 (Central Standard Time),ZONaVCJXMP
iDJJDdOI3a,2017,UduPUwNkXKU,null,,1748,Wed Jan 31 2018 16:58:22 GMT-0600 (Central Standard Time),PnUcE7oTGf,START_CLOCK,,,Wed Jan 31 2018 16:58:22 GMT-0600 (Central Standard Time),ZONaVCJXMP
iV6r6S7BZN,2017,UduPUwNkXKU,null,,1242,Wed Jan 31 2018 13:04:21 GMT-0600 (Central Standard Time),PnUcE7oTGf,SUB,lmRl9DuW0c,hOWNm6HyjL,Wed Jan 31 2018 13:04:21 GMT-0600 (Central Standard Time),ZONaVCJXMP
if3FbstQ0Z,2017,UduPUwNkXKU,null,2,2958,Wed Feb 07 2018 21:01:57 GMT-0600 (Central Standard Time),PnUcE7oTGf,OFFENSE,,,Wed Feb 07 2018 21:01:57 GMT-0600 (Central Standard Time),0eHM4yAUtR
ilwJMg1pjB,2017,UduPUwNkXKU,null,0,2304,Wed Feb 07 2018 20:16:44 GMT-0600 (Central Standard Time),PnUcE7oTGf,OFFENSE,,,Wed Feb 07 2018 20:16:44 GMT-0600 (Central Standard Time),0eHM4yAUtR
imZ1hLVeJ1,2017,UduPUwNkXKU,null,,1571,Wed Jan 31 2018 13:14:30 GMT-0600 (Central Standard Time),PnUcE7oTGf,TAKEAWAY,,lmRl9DuW0c,Wed Jan 31 2018 13:14:30 GMT-0600 (Central Standard Time),ZONaVCJXMP
isURYsQfUR,2017,UduPUwNkXKU,null,,1784,Wed Jan 31 2018 17:01:21 GMT-0600 (Central Standard Time),PnUcE7oTGf,PAUSE_CLOCK,,,Wed Jan 31 2018 17:01:21 GMT-0600 (Central Standard Time),ZONaVCJXMP
jHg74qP61G,2017,UduPUwNkXKU,null,1,1950,Wed Feb 07 2018 19:54:48 GMT-0600 (Central Standard Time),PnUcE7oTGf,OFFENSE,,,Wed Feb 07 2018 19:54:48 GMT-0600 (Central Standard Time),0eHM4yAUtR
jNsZHwddAd,2017,UduPUwNkXKU,null,,1225,Wed Jan 31 2018 13:03:36 GMT-0600 (Central Standard Time),PnUcE7oTGf,GOAL,,,Wed Jan 31 2018 13:03:36 GMT-0600 (Central Standard Time),0eHM4yAUtR
jOgzFUZFc1,2017,UduPUwNkXKU,null,,2502,Wed Feb 07 2018 20:42:17 GMT-0600 (Central Standard Time),PnUcE7oTGf,SUB,pPsyr6tcke,mrNtl0DtIC,Wed Feb 07 2018 20:42:17 GMT-0600 (Central Standard Time),ZONaVCJXMP
jPCluzwJjD,2017,UduPUwNkXKU,null,2,2681,Wed Feb 07 2018 20:52:20 GMT-0600 (Central Standard Time),PnUcE7oTGf,DEFENSE,,,Wed Feb 07 2018 20:52:20 GMT-0600 (Central Standard Time),0eHM4yAUtR
jeEbKbSXco,2017,UduPUwNkXKU,null,2,370,Wed Jan 31 2018 12:44:15 GMT-0600 (Central Standard Time),PnUcE7oTGf,OFFENSE,,,Wed Jan 31 2018 12:44:15 GMT-0600 (Central Standard Time),0eHM4yAUtR
jlSh2lyLpr,2017,UduPUwNkXKU,null,1,127,Wed Jan 31 2018 12:33:26 GMT-0600 (Central Standard Time),PnUcE7oTGf,DEFENSE,,,Wed Jan 31 2018 12:33:26 GMT-0600 (Central Standard Time),0eHM4yAUtR
jon3Sp2imw,2017,UduPUwNkXKU,null,,2650,Wed Feb 07 2018 20:50:01 GMT-0600 (Central Standard Time),PnUcE7oTGf,START_CLOCK,,,Wed Feb 07 2018 20:50:01 GMT-0600 (Central Standard Time),ZONaVCJXMP
jvNTNWHknM,2017,UduPUwNkXKU,null,2,2795,Wed Feb 07 2018 20:56:29 GMT-0600 (Central Standard Time),PnUcE7oTGf,DEFENSE,,,Wed Feb 07 2018 20:56:29 GMT-0600 (Central Standard Time),0eHM4yAUtR
jzVTSser3O,2017,UduPUwNkXKU,null,,810,Wed Jan 31 2018 12:55:06 GMT-0600 (Central Standard Time),PnUcE7oTGf,LOSE_CONTROL,,,Wed Jan 31 2018 12:55:06 GMT-0600 (Central Standard Time),0eHM4yAUtR
k3Gbk3Sz6i,2017,UduPUwNkXKU,null,,2806,Wed Feb 07 2018 20:57:02 GMT-0600 (Central Standard Time),PnUcE7oTGf,TURNOVER,,mrNtl0DtIC,Wed Feb 07 2018 20:57:02 GMT-0600 (Central Standard Time),ZONaVCJXMP
k6wkT95DWy,2017,UduPUwNkXKU,null,,1754,Wed Jan 31 2018 17:11:41 GMT-0600 (Central Standard Time),PnUcE7oTGf,SUB,PudHIgqgWl,lmRl9DuW0c,Wed Jan 31 2018 17:11:41 GMT-0600 (Central Standard Time),ZONaVCJXMP
k7LrwaBDb5,2017,UduPUwNkXKU,null,1,239,Wed Jan 31 2018 12:37:51 GMT-0600 (Central Standard Time),PnUcE7oTGf,DEFENSE,,,Wed Jan 31 2018 12:37:51 GMT-0600 (Central Standard Time),0eHM4yAUtR
k8HYuUGVsi,2017,UduPUwNkXKU,null,,235,Wed Jan 31 2018 12:37:24 GMT-0600 (Central Standard Time),PnUcE7oTGf,SUB,mrNtl0DtIC,pPsyr6tcke,Wed Jan 31 2018 12:37:24 GMT-0600 (Central Standard Time),ZONaVCJXMP
kDZvtaz27b,2017,UduPUwNkXKU,null,,1542,Wed Jan 31 2018 13:13:26 GMT-0600 (Central Standard Time),PnUcE7oTGf,GOAL,,e50Hw33JO1,Wed Jan 31 2018 13:13:26 GMT-0600 (Central Standard Time),ZONaVCJXMP
kauhbVwcCV,2017,UduPUwNkXKU,null,,2667,Wed Feb 07 2018 20:53:29 GMT-0600 (Central Standard Time),PnUcE7oTGf,LOSE_CONTROL,,,Wed Feb 07 2018 20:53:29 GMT-0600 (Central Standard Time),0eHM4yAUtR
kea0Z0FZjp,2017,UduPUwNkXKU,null,,2596,Wed Feb 07 2018 20:49:15 GMT-0600 (Central Standard Time),PnUcE7oTGf,AWAY_GOAL,,,Wed Feb 07 2018 20:49:15 GMT-0600 (Central Standard Time),ZONaVCJXMP
knVldy5StA,2017,UduPUwNkXKU,null,2,2035,Wed Feb 07 2018 19:59:00 GMT-0600 (Central Standard Time),PnUcE7oTGf,DEFENSE,,,Wed Feb 07 2018 19:59:00 GMT-0600 (Central Standard Time),0eHM4yAUtR
kz5V35eX12,2017,UduPUwNkXKU,null,1,2923,Wed Feb 07 2018 21:00:50 GMT-0600 (Central Standard Time),PnUcE7oTGf,DEFENSE,,,Wed Feb 07 2018 21:00:50 GMT-0600 (Central Standard Time),0eHM4yAUtR
lIcu9s4nXC,2017,UduPUwNkXKU,null,0,2290,Wed Feb 07 2018 20:16:14 GMT-0600 (Central Standard Time),PnUcE7oTGf,DEFENSE,,,Wed Feb 07 2018 20:16:14 GMT-0600 (Central Standard Time),0eHM4yAUtR
ll9Plo8VRx,2017,UduPUwNkXKU,null,,16,Wed Jan 31 2018 12:23:29 GMT-0600 (Central Standard Time),PnUcE7oTGf,START_CLOCK,,,Wed Jan 31 2018 12:23:29 GMT-0600 (Central Standard Time),0eHM4yAUtR
lw3NRyYClU,2017,UduPUwNkXKU,null,2,2656,Wed Feb 07 2018 20:51:04 GMT-0600 (Central Standard Time),PnUcE7oTGf,OFFENSE,,,Wed Feb 07 2018 20:51:04 GMT-0600 (Central Standard Time),ZONaVCJXMP
lyv5lRGtlX,2017,UduPUwNkXKU,null,,1632,Wed Jan 31 2018 17:00:09 GMT-0600 (Central Standard Time),PnUcE7oTGf,LOSE_CONTROL,,,Wed Jan 31 2018 17:00:09 GMT-0600 (Central Standard Time),0eHM4yAUtR
m8XB8NqzSu,2017,UduPUwNkXKU,null,,493,Wed Jan 31 2018 12:47:13 GMT-0600 (Central Standard Time),PnUcE7oTGf,LOSE_CONTROL,,,Wed Jan 31 2018 12:47:13 GMT-0600 (Central Standard Time),ZONaVCJXMP
mA9L390otC,2017,UduPUwNkXKU,null,,2747,Wed Feb 07 2018 20:55:19 GMT-0600 (Central Standard Time),PnUcE7oTGf,RED_CARD,null,pPsyr6tcke,Wed Feb 07 2018 20:55:19 GMT-0600 (Central Standard Time),ZONaVCJXMP
mGA8qX4Obj,2017,UduPUwNkXKU,null,,2835,Wed Feb 07 2018 20:58:19 GMT-0600 (Central Standard Time),PnUcE7oTGf,PAUSE_CLOCK,,,Wed Feb 07 2018 20:58:19 GMT-0600 (Central Standard Time),ZONaVCJXMP
mO7re4oWPI,2017,UduPUwNkXKU,null,1,2386,Wed Feb 07 2018 20:31:54 GMT-0600 (Central Standard Time),PnUcE7oTGf,DEFENSE,,,Wed Feb 07 2018 20:31:54 GMT-0600 (Central Standard Time),0eHM4yAUtR
mQSYPEejnm,2017,UduPUwNkXKU,null,,2862,Wed Feb 07 2018 20:58:44 GMT-0600 (Central Standard Time),PnUcE7oTGf,START_CLOCK,,,Wed Feb 07 2018 20:58:44 GMT-0600 (Central Standard Time),0eHM4yAUtR
mRaBotmXQD,2017,UduPUwNkXKU,null,,2015,Wed Feb 07 2018 19:58:52 GMT-0600 (Central Standard Time),PnUcE7oTGf,SUB,Q9dSvngdsQ,lmRl9DuW0c,Wed Feb 07 2018 19:58:52 GMT-0600 (Central Standard Time),ZONaVCJXMP
mYvChOgnBS,2017,UduPUwNkXKU,null,,1460,Wed Jan 31 2018 13:11:06 GMT-0600 (Central Standard Time),PnUcE7oTGf,SUB,6Yaq4XFaKd,gtVOlncQQC,Wed Jan 31 2018 13:11:06 GMT-0600 (Central Standard Time),ZONaVCJXMP
mb04fyV9ox,2017,UduPUwNkXKU,null,,184,Wed Jan 31 2018 12:35:24 GMT-0600 (Central Standard Time),PnUcE7oTGf,AWAY_GOAL,,,Wed Jan 31 2018 12:35:24 GMT-0600 (Central Standard Time),0eHM4yAUtR
nB7rX57Mww,2017,UduPUwNkXKU,null,,1779,Wed Jan 31 2018 17:01:05 GMT-0600 (Central Standard Time),PnUcE7oTGf,GOAL,,Q9dSvngdsQ,Wed Jan 31 2018 17:01:05 GMT-0600 (Central Standard Time),ZONaVCJXMP
nD6dIfybSl,2017,UduPUwNkXKU,null,1,875,Wed Jan 31 2018 12:56:43 GMT-0600 (Central Standard Time),PnUcE7oTGf,DEFENSE,,,Wed Jan 31 2018 12:56:43 GMT-0600 (Central Standard Time),ZONaVCJXMP
nDARMHzL5f,2017,UduPUwNkXKU,null,,1449,Wed Jan 31 2018 13:10:18 GMT-0600 (Central Standard Time),PnUcE7oTGf,TAKEAWAY,,gtVOlncQQC,Wed Jan 31 2018 13:10:18 GMT-0600 (Central Standard Time),ZONaVCJXMP
nEMiC903VC,2017,UduPUwNkXKU,null,,2594,Wed Feb 07 2018 20:50:35 GMT-0600 (Central Standard Time),PnUcE7oTGf,GAIN_CONTROL,,,Wed Feb 07 2018 20:50:35 GMT-0600 (Central Standard Time),0eHM4yAUtR
nJRmR8YujW,2017,UduPUwNkXKU,null,,1340,Wed Jan 31 2018 13:06:45 GMT-0600 (Central Standard Time),PnUcE7oTGf,LOSE_CONTROL,,,Wed Jan 31 2018 13:06:45 GMT-0600 (Central Standard Time),0eHM4yAUtR
nlpPlmColC,2017,UduPUwNkXKU,null,,2293,Wed Feb 07 2018 20:16:20 GMT-0600 (Central Standard Time),PnUcE7oTGf,GOAL,,lnNVPhfE9P,Wed Feb 07 2018 20:16:20 GMT-0600 (Central Standard Time),ZONaVCJXMP
nxQkQF3h5F,2017,UduPUwNkXKU,null,1,1982,Wed Feb 07 2018 19:56:00 GMT-0600 (Central Standard Time),PnUcE7oTGf,DEFENSE,,,Wed Feb 07 2018 19:56:00 GMT-0600 (Central Standard Time),0eHM4yAUtR
nzH20DbkYw,2017,UduPUwNkXKU,null,2,1555,Wed Jan 31 2018 13:14:17 GMT-0600 (Central Standard Time),PnUcE7oTGf,OFFENSE,,,Wed Jan 31 2018 13:14:17 GMT-0600 (Central Standard Time),0eHM4yAUtR
o90NCVVpL2,2017,UduPUwNkXKU,null,,0,Wed Jan 31 2018 12:26:31 GMT-0600 (Central Standard Time),PnUcE7oTGf,SUB,gtVOlncQQC,beaterA,Wed Jan 31 2018 12:26:31 GMT-0600 (Central Standard Time),ZONaVCJXMP
oBhYUWfjwg,2017,UduPUwNkXKU,null,,2915,Wed Feb 07 2018 21:00:39 GMT-0600 (Central Standard Time),PnUcE7oTGf,START_CLOCK,,,Wed Feb 07 2018 21:00:39 GMT-0600 (Central Standard Time),ZONaVCJXMP
oCgxbLOCD6,2017,UduPUwNkXKU,null,1,1417,Wed Jan 31 2018 13:08:43 GMT-0600 (Central Standard Time),PnUcE7oTGf,DEFENSE,,,Wed Jan 31 2018 13:08:43 GMT-0600 (Central Standard Time),0eHM4yAUtR
oJQozeZDAu,2017,UduPUwNkXKU,null,2,2340,Wed Feb 07 2018 20:25:29 GMT-0600 (Central Standard Time),PnUcE7oTGf,OFFENSE,,,Wed Feb 07 2018 20:25:29 GMT-0600 (Central Standard Time),ZONaVCJXMP
oVgJWA1c3Q,2017,UduPUwNkXKU,null,,1002,Wed Jan 31 2018 12:59:45 GMT-0600 (Central Standard Time),PnUcE7oTGf,AWAY_GOAL,,,Wed Jan 31 2018 12:59:45 GMT-0600 (Central Standard Time),0eHM4yAUtR
oYPdPrtl8W,2017,UduPUwNkXKU,null,,1000,Wed Jan 31 2018 12:59:31 GMT-0600 (Central Standard Time),PnUcE7oTGf,START_CLOCK,,,Wed Jan 31 2018 12:59:31 GMT-0600 (Central Standard Time),ZONaVCJXMP
oYsiqcYkns,2017,UduPUwNkXKU,null,,2808,Wed Feb 07 2018 20:57:05 GMT-0600 (Central Standard Time),PnUcE7oTGf,AWAY_GOAL,,,Wed Feb 07 2018 20:57:05 GMT-0600 (Central Standard Time),ZONaVCJXMP
oanUMgh4fl,2017,UduPUwNkXKU,null,,2436,Wed Feb 07 2018 20:41:56 GMT-0600 (Central Standard Time),PnUcE7oTGf,PAUSE_CLOCK,,,Wed Feb 07 2018 20:41:56 GMT-0600 (Central Standard Time),ZONaVCJXMP
ofx70YPoXE,2017,UduPUwNkXKU,null,2,2014,Wed Feb 07 2018 19:56:56 GMT-0600 (Central Standard Time),PnUcE7oTGf,DEFENSE,,,Wed Feb 07 2018 19:56:56 GMT-0600 (Central Standard Time),0eHM4yAUtR
or8zbe0a1F,2017,UduPUwNkXKU,null,,2915,Wed Feb 07 2018 21:00:39 GMT-0600 (Central Standard Time),PnUcE7oTGf,START_CLOCK,,,Wed Feb 07 2018 21:00:39 GMT-0600 (Central Standard Time),0eHM4yAUtR
ovXFmg4oq8,2017,UduPUwNkXKU,null,,895,Wed Jan 31 2018 12:57:10 GMT-0600 (Central Standard Time),PnUcE7oTGf,AWAY_GOAL,,,Wed Jan 31 2018 12:57:10 GMT-0600 (Central Standard Time),ZONaVCJXMP
pADXrDM8l1,2017,UduPUwNkXKU,null,,1999,Wed Feb 07 2018 19:56:32 GMT-0600 (Central Standard Time),PnUcE7oTGf,TURNOVER,,0kBR9KgDGS,Wed Feb 07 2018 19:56:32 GMT-0600 (Central Standard Time),ZONaVCJXMP
pDaosBrW7E,2017,UduPUwNkXKU,null,,2334,Wed Feb 07 2018 20:25:17 GMT-0600 (Central Standard Time),PnUcE7oTGf,SUB,21qrrjSuuO,PudHIgqgWl,Wed Feb 07 2018 20:25:17 GMT-0600 (Central Standard Time),ZONaVCJXMP
pLG63BrAOt,2017,UduPUwNkXKU,null,,1300,Wed Jan 31 2018 13:04:58 GMT-0600 (Central Standard Time),PnUcE7oTGf,START_CLOCK,,,Wed Jan 31 2018 13:04:58 GMT-0600 (Central Standard Time),ZONaVCJXMP
pWdPqVfbMO,2017,UduPUwNkXKU,null,,2065,Wed Feb 07 2018 19:59:27 GMT-0600 (Central Standard Time),PnUcE7oTGf,TURNOVER,,lnNVPhfE9P,Wed Feb 07 2018 19:59:27 GMT-0600 (Central Standard Time),ZONaVCJXMP
pcbfxcddZS,2017,UduPUwNkXKU,null,0,2364,Wed Feb 07 2018 20:30:36 GMT-0600 (Central Standard Time),PnUcE7oTGf,OFFENSE,,,Wed Feb 07 2018 20:30:36 GMT-0600 (Central Standard Time),0eHM4yAUtR
pg2XtHJMEO,2017,UduPUwNkXKU,null,,2137,Wed Feb 07 2018 20:14:11 GMT-0600 (Central Standard Time),PnUcE7oTGf,GOAL,,lnNVPhfE9P,Wed Feb 07 2018 20:14:11 GMT-0600 (Central Standard Time),ZONaVCJXMP
pm234Vp1VC,2017,UduPUwNkXKU,null,2,194,Wed Jan 31 2018 12:35:34 GMT-0600 (Central Standard Time),PnUcE7oTGf,DEFENSE,,,Wed Jan 31 2018 12:35:34 GMT-0600 (Central Standard Time),ZONaVCJXMP
q1h641BVyY,2017,UduPUwNkXKU,null,,2835,Wed Feb 07 2018 20:58:19 GMT-0600 (Central Standard Time),PnUcE7oTGf,PAUSE_CLOCK,,,Wed Feb 07 2018 20:58:19 GMT-0600 (Central Standard Time),0eHM4yAUtR
qCJWaHkOAo,2017,UduPUwNkXKU,null,,0,Wed Jan 31 2018 12:26:01 GMT-0600 (Central Standard Time),PnUcE7oTGf,SUB,lnNVPhfE9P,chaserA,Wed Jan 31 2018 12:26:01 GMT-0600 (Central Standard Time),ZONaVCJXMP
qJddufFTNF,2017,UduPUwNkXKU,null,,2289,Wed Feb 07 2018 20:16:07 GMT-0600 (Central Standard Time),PnUcE7oTGf,TAKEAWAY,,aN5MeFmEvv,Wed Feb 07 2018 20:16:07 GMT-0600 (Central Standard Time),ZONaVCJXMP
qMtH1pOhqO,2017,UduPUwNkXKU,null,2,1195,Wed Jan 31 2018 13:02:39 GMT-0600 (Central Standard Time),PnUcE7oTGf,OFFENSE,,,Wed Jan 31 2018 13:02:39 GMT-0600 (Central Standard Time),ZONaVCJXMP
qqXNlHQPtl,2017,UduPUwNkXKU,null,,359,Wed Jan 31 2018 12:43:57 GMT-0600 (Central Standard Time),PnUcE7oTGf,ASSIST,,e50Hw33JO1,Wed Jan 31 2018 12:43:57 GMT-0600 (Central Standard Time),ZONaVCJXMP
qtQ5HjRy5V,2017,UduPUwNkXKU,null,,2113,Wed Feb 07 2018 20:13:37 GMT-0600 (Central Standard Time),PnUcE7oTGf,TAKEAWAY,,aN5MeFmEvv,Wed Feb 07 2018 20:13:37 GMT-0600 (Central Standard Time),ZONaVCJXMP
r2Z7nmhLg3,2017,UduPUwNkXKU,null,1,1479,Wed Jan 31 2018 13:11:28 GMT-0600 (Central Standard Time),PnUcE7oTGf,OFFENSE,,,Wed Jan 31 2018 13:11:28 GMT-0600 (Central Standard Time),0eHM4yAUtR
r8y0pUsrBc,2017,UduPUwNkXKU,null,2,1243,Wed Jan 31 2018 13:04:28 GMT-0600 (Central Standard Time),PnUcE7oTGf,OFFENSE,,,Wed Jan 31 2018 13:04:28 GMT-0600 (Central Standard Time),ZONaVCJXMP
rPBZrZNhoH,2017,UduPUwNkXKU,null,,2899,Wed Feb 07 2018 21:00:00 GMT-0600 (Central Standard Time),PnUcE7oTGf,PAUSE_CLOCK,,,Wed Feb 07 2018 21:00:00 GMT-0600 (Central Standard Time),0eHM4yAUtR
rWYpgIBZMR,2017,UduPUwNkXKU,null,,2898,Wed Feb 07 2018 21:00:29 GMT-0600 (Central Standard Time),PnUcE7oTGf,TAKEAWAY,,0kBR9KgDGS,Wed Feb 07 2018 21:00:29 GMT-0600 (Central Standard Time),ZONaVCJXMP
rbju4f4WuA,2017,UduPUwNkXKU,null,,1404,Wed Jan 31 2018 13:07:57 GMT-0600 (Central Standard Time),PnUcE7oTGf,TAKEAWAY,,mrNtl0DtIC,Wed Jan 31 2018 13:07:57 GMT-0600 (Central Standard Time),ZONaVCJXMP
rjIr4XnuSw,2017,UduPUwNkXKU,null,2,2888,Wed Feb 07 2018 20:59:43 GMT-0600 (Central Standard Time),PnUcE7oTGf,DEFENSE,,,Wed Feb 07 2018 20:59:43 GMT-0600 (Central Standard Time),ZONaVCJXMP
rr8hRBmfrg,2017,UduPUwNkXKU,null,0,2716,Wed Feb 07 2018 20:54:19 GMT-0600 (Central Standard Time),PnUcE7oTGf,DEFENSE,,,Wed Feb 07 2018 20:54:19 GMT-0600 (Central Standard Time),ZONaVCJXMP
rryDFD7dP2,2017,UduPUwNkXKU,null,0,2716,Wed Feb 07 2018 20:54:19 GMT-0600 (Central Standard Time),PnUcE7oTGf,OFFENSE,,,Wed Feb 07 2018 20:54:19 GMT-0600 (Central Standard Time),0eHM4yAUtR
rvhghZyMaY,2017,UduPUwNkXKU,null,,824,Wed Jan 31 2018 12:54:51 GMT-0600 (Central Standard Time),PnUcE7oTGf,START_CLOCK,,,Wed Jan 31 2018 12:54:51 GMT-0600 (Central Standard Time),0eHM4yAUtR
s0Sqda5TaW,2017,UduPUwNkXKU,null,1,2665,Wed Feb 07 2018 20:51:35 GMT-0600 (Central Standard Time),PnUcE7oTGf,DEFENSE,,,Wed Feb 07 2018 20:51:35 GMT-0600 (Central Standard Time),ZONaVCJXMP
s5qCdFNK9z,2017,UduPUwNkXKU,null,2,1334,Wed Jan 31 2018 13:05:51 GMT-0600 (Central Standard Time),PnUcE7oTGf,DEFENSE,,,Wed Jan 31 2018 13:05:51 GMT-0600 (Central Standard Time),0eHM4yAUtR
sFIAFvV64R,2017,UduPUwNkXKU,null,,1449,Wed Jan 31 2018 13:09:57 GMT-0600 (Central Standard Time),PnUcE7oTGf,LOSE_CONTROL,,,Wed Jan 31 2018 13:09:57 GMT-0600 (Central Standard Time),0eHM4yAUtR
sX5TOFkDRA,2017,UduPUwNkXKU,null,,1974,Wed Feb 07 2018 19:55:26 GMT-0600 (Central Standard Time),PnUcE7oTGf,GOAL,,,Wed Feb 07 2018 19:55:26 GMT-0600 (Central Standard Time),0eHM4yAUtR
sZ9vpk7x5k,2017,UduPUwNkXKU,null,,1913,Wed Jan 31 2018 17:16:45 GMT-0600 (Central Standard Time),PnUcE7oTGf,TAKEAWAY,,lnNVPhfE9P,Wed Jan 31 2018 17:16:45 GMT-0600 (Central Standard Time),ZONaVCJXMP
skZWgDPTPs,2017,UduPUwNkXKU,null,,2933,Wed Feb 07 2018 21:03:12 GMT-0600 (Central Standard Time),PnUcE7oTGf,LOSE_CONTROL,,,Wed Feb 07 2018 21:03:12 GMT-0600 (Central Standard Time),ZONaVCJXMP
syvpNuZWBg,2017,UduPUwNkXKU,null,,2324,Wed Feb 07 2018 20:24:43 GMT-0600 (Central Standard Time),PnUcE7oTGf,SUB,oDiylfxaCV,lnNVPhfE9P,Wed Feb 07 2018 20:24:43 GMT-0600 (Central Standard Time),ZONaVCJXMP
szPEEdCTHy,2017,UduPUwNkXKU,null,,1155,Wed Jan 31 2018 13:01:27 GMT-0600 (Central Standard Time),PnUcE7oTGf,YELLOW_CARD,null,pPsyr6tcke,Wed Jan 31 2018 13:01:27 GMT-0600 (Central Standard Time),ZONaVCJXMP
t0qyVFDhyu,2017,UduPUwNkXKU,null,,235,Wed Jan 31 2018 12:37:38 GMT-0600 (Central Standard Time),PnUcE7oTGf,SUB,PudHIgqgWl,gtVOlncQQC,Wed Jan 31 2018 12:37:38 GMT-0600 (Central Standard Time),ZONaVCJXMP
t8ZLfdF5Np,2017,UduPUwNkXKU,null,,2721,Wed Feb 07 2018 20:54:30 GMT-0600 (Central Standard Time),PnUcE7oTGf,PAUSE_CLOCK,,,Wed Feb 07 2018 20:54:30 GMT-0600 (Central Standard Time),0eHM4yAUtR
tANSewswew,2017,UduPUwNkXKU,null,2,2304,Wed Feb 07 2018 20:16:46 GMT-0600 (Central Standard Time),PnUcE7oTGf,DEFENSE,,,Wed Feb 07 2018 20:16:46 GMT-0600 (Central Standard Time),ZONaVCJXMP
tFxOcpt7Ns,2017,UduPUwNkXKU,null,2,1841,Wed Jan 31 2018 17:01:50 GMT-0600 (Central Standard Time),PnUcE7oTGf,OFFENSE,,,Wed Jan 31 2018 17:01:50 GMT-0600 (Central Standard Time),0eHM4yAUtR
tGEtA0OWxQ,2017,UduPUwNkXKU,null,1,55,Wed Jan 31 2018 12:30:18 GMT-0600 (Central Standard Time),PnUcE7oTGf,DEFENSE,,,Wed Jan 31 2018 12:30:18 GMT-0600 (Central Standard Time),0eHM4yAUtR
tgYOxAyf0U,2017,UduPUwNkXKU,null,1,2681,Wed Feb 07 2018 20:52:19 GMT-0600 (Central Standard Time),PnUcE7oTGf,OFFENSE,,,Wed Feb 07 2018 20:52:19 GMT-0600 (Central Standard Time),ZONaVCJXMP
tjy0uA5CcW,2017,UduPUwNkXKU,null,0,827,Wed Jan 31 2018 12:55:17 GMT-0600 (Central Standard Time),PnUcE7oTGf,DEFENSE,,,Wed Jan 31 2018 12:55:17 GMT-0600 (Central Standard Time),0eHM4yAUtR
to9fn4EGS2,2017,UduPUwNkXKU,null,,275,Wed Jan 31 2018 12:39:27 GMT-0600 (Central Standard Time),PnUcE7oTGf,TAKEAWAY,,mrNtl0DtIC,Wed Jan 31 2018 12:39:27 GMT-0600 (Central Standard Time),ZONaVCJXMP
tswje1sFiD,2017,UduPUwNkXKU,null,1,2923,Wed Feb 07 2018 21:00:50 GMT-0600 (Central Standard Time),PnUcE7oTGf,OFFENSE,,,Wed Feb 07 2018 21:00:50 GMT-0600 (Central Standard Time),ZONaVCJXMP
uGzxJjeaJK,2017,UduPUwNkXKU,null,2,905,Wed Jan 31 2018 12:58:08 GMT-0600 (Central Standard Time),PnUcE7oTGf,OFFENSE,,,Wed Jan 31 2018 12:58:08 GMT-0600 (Central Standard Time),ZONaVCJXMP
ubNuQ4UYKR,2017,UduPUwNkXKU,null,,870,Wed Jan 31 2018 12:56:26 GMT-0600 (Central Standard Time),PnUcE7oTGf,TURNOVER,,pPsyr6tcke,Wed Jan 31 2018 12:56:26 GMT-0600 (Central Standard Time),ZONaVCJXMP
unQ561E1lG,2017,UduPUwNkXKU,null,,2144,Wed Feb 07 2018 20:15:07 GMT-0600 (Central Standard Time),PnUcE7oTGf,PAUSE_CLOCK,,,Wed Feb 07 2018 20:15:07 GMT-0600 (Central Standard Time),ZONaVCJXMP
vC7iEDGDtf,2017,UduPUwNkXKU,null,,530,Wed Jan 31 2018 12:49:22 GMT-0600 (Central Standard Time),PnUcE7oTGf,TAKEAWAY,,RY9uvxgIjJ,Wed Jan 31 2018 12:49:22 GMT-0600 (Central Standard Time),ZONaVCJXMP
vEYVq7U9BS,2017,UduPUwNkXKU,null,,1612,Wed Jan 31 2018 16:56:46 GMT-0600 (Central Standard Time),PnUcE7oTGf,SUB,RY9uvxgIjJ,bHBvdERj00,Wed Jan 31 2018 16:56:46 GMT-0600 (Central Standard Time),ZONaVCJXMP
vUJQcZDAP4,2017,UduPUwNkXKU,null,,1197,Wed Jan 31 2018 13:02:46 GMT-0600 (Central Standard Time),PnUcE7oTGf,SUB,oDiylfxaCV,Q9dSvngdsQ,Wed Jan 31 2018 13:02:46 GMT-0600 (Central Standard Time),ZONaVCJXMP
vXGfhIWwoj,2017,UduPUwNkXKU,null,,2382,Wed Feb 07 2018 20:31:44 GMT-0600 (Central Standard Time),PnUcE7oTGf,TAKEAWAY,,hOWNm6HyjL,Wed Feb 07 2018 20:31:44 GMT-0600 (Central Standard Time),ZONaVCJXMP
vZU0j802rj,2017,UduPUwNkXKU,null,,235,Wed Jan 31 2018 12:37:35 GMT-0600 (Central Standard Time),PnUcE7oTGf,SUB,e50Hw33JO1,oDiylfxaCV,Wed Jan 31 2018 12:37:35 GMT-0600 (Central Standard Time),ZONaVCJXMP
w1akJZG2CH,2017,UduPUwNkXKU,null,,3016,Wed Feb 07 2018 21:04:34 GMT-0600 (Central Standard Time),PnUcE7oTGf,AWAY_GOAL,,,Wed Feb 07 2018 21:04:34 GMT-0600 (Central Standard Time),0eHM4yAUtR
w4TaZ3cobC,2017,UduPUwNkXKU,null,,20,Wed Jan 31 2018 12:27:51 GMT-0600 (Central Standard Time),PnUcE7oTGf,GAIN_CONTROL,,,Wed Jan 31 2018 12:27:51 GMT-0600 (Central Standard Time),ZONaVCJXMP
w6HM8aCYSF,2017,UduPUwNkXKU,null,,2721,Wed Feb 07 2018 20:54:30 GMT-0600 (Central Standard Time),PnUcE7oTGf,PAUSE_CLOCK,,,Wed Feb 07 2018 20:54:30 GMT-0600 (Central Standard Time),ZONaVCJXMP
wDS0d94OOz,2017,UduPUwNkXKU,null,2,1922,Wed Feb 07 2018 19:52:03 GMT-0600 (Central Standard Time),PnUcE7oTGf,DEFENSE,,,Wed Feb 07 2018 19:52:03 GMT-0600 (Central Standard Time),0eHM4yAUtR
wG1fyAoJnd,2017,UduPUwNkXKU,null,,1000,Wed Jan 31 2018 12:59:31 GMT-0600 (Central Standard Time),PnUcE7oTGf,START_CLOCK,,,Wed Jan 31 2018 12:59:31 GMT-0600 (Central Standard Time),0eHM4yAUtR
wLfrtYJFvZ,2017,UduPUwNkXKU,null,1,127,Wed Jan 31 2018 12:33:26 GMT-0600 (Central Standard Time),PnUcE7oTGf,OFFENSE,,,Wed Jan 31 2018 12:33:26 GMT-0600 (Central Standard Time),ZONaVCJXMP
wLmBkroHIh,2017,UduPUwNkXKU,null,,2256,Wed Feb 07 2018 20:15:32 GMT-0600 (Central Standard Time),PnUcE7oTGf,START_CLOCK,,,Wed Feb 07 2018 20:15:32 GMT-0600 (Central Standard Time),0eHM4yAUtR
wZ8C2wWMOc,2017,UduPUwNkXKU,null,,1002,Wed Jan 31 2018 12:59:45 GMT-0600 (Central Standard Time),PnUcE7oTGf,GOAL,,Q9dSvngdsQ,Wed Jan 31 2018 12:59:45 GMT-0600 (Central Standard Time),ZONaVCJXMP
wfxr97veOA,2017,UduPUwNkXKU,null,,1300,Wed Jan 31 2018 13:04:58 GMT-0600 (Central Standard Time),PnUcE7oTGf,START_CLOCK,,,Wed Jan 31 2018 13:04:58 GMT-0600 (Central Standard Time),0eHM4yAUtR
wi1ht9sWeg,2017,UduPUwNkXKU,null,1,173,Wed Jan 31 2018 12:34:55 GMT-0600 (Central Standard Time),PnUcE7oTGf,OFFENSE,,,Wed Jan 31 2018 12:34:55 GMT-0600 (Central Standard Time),ZONaVCJXMP
wnUaAOiXOa,2017,UduPUwNkXKU,null,2,2888,Wed Feb 07 2018 20:59:43 GMT-0600 (Central Standard Time),PnUcE7oTGf,OFFENSE,,,Wed Feb 07 2018 20:59:43 GMT-0600 (Central Standard Time),0eHM4yAUtR
wtabeskqPS,2017,UduPUwNkXKU,null,2,2822,Wed Feb 07 2018 20:57:40 GMT-0600 (Central Standard Time),PnUcE7oTGf,DEFENSE,,,Wed Feb 07 2018 20:57:40 GMT-0600 (Central Standard Time),0eHM4yAUtR
wwM6DE49oP,2017,UduPUwNkXKU,null,,810,Wed Jan 31 2018 12:55:06 GMT-0600 (Central Standard Time),PnUcE7oTGf,GAIN_CONTROL,,,Wed Jan 31 2018 12:55:06 GMT-0600 (Central Standard Time),ZONaVCJXMP
xAuV9E5ZBT,2017,UduPUwNkXKU,null,,1504,Wed Jan 31 2018 13:12:10 GMT-0600 (Central Standard Time),PnUcE7oTGf,GOAL,,,Wed Jan 31 2018 13:12:10 GMT-0600 (Central Standard Time),0eHM4yAUtR
xOQYWdgWAN,2017,UduPUwNkXKU,null,2,2985,Wed Feb 07 2018 21:03:44 GMT-0600 (Central Standard Time),PnUcE7oTGf,DEFENSE,,,Wed Feb 07 2018 21:03:44 GMT-0600 (Central Standard Time),0eHM4yAUtR
xRlAMCBijA,2017,UduPUwNkXKU,null,,1835,Wed Jan 31 2018 17:01:41 GMT-0600 (Central Standard Time),PnUcE7oTGf,START_CLOCK,,,Wed Jan 31 2018 17:01:41 GMT-0600 (Central Standard Time),ZONaVCJXMP
xerpuqbtne,2017,UduPUwNkXKU,null,,0,Wed Jan 31 2018 12:26:08 GMT-0600 (Central Standard Time),PnUcE7oTGf,SUB,bHBvdERj00,chaserC,Wed Jan 31 2018 12:26:08 GMT-0600 (Central Standard Time),ZONaVCJXMP
xli2Wdcv7F,2017,UduPUwNkXKU,null,2,1555,Wed Jan 31 2018 13:14:17 GMT-0600 (Central Standard Time),PnUcE7oTGf,DEFENSE,,,Wed Jan 31 2018 13:14:17 GMT-0600 (Central Standard Time),ZONaVCJXMP
xr10MbjkE4,2017,UduPUwNkXKU,null,,2808,Wed Feb 07 2018 20:57:05 GMT-0600 (Central Standard Time),PnUcE7oTGf,GOAL,,,Wed Feb 07 2018 20:57:05 GMT-0600 (Central Standard Time),0eHM4yAUtR
yH9vH86cU7,2017,UduPUwNkXKU,null,,1591,Wed Jan 31 2018 16:56:06 GMT-0600 (Central Standard Time),PnUcE7oTGf,LOSE_CONTROL,,,Wed Jan 31 2018 16:56:06 GMT-0600 (Central Standard Time),ZONaVCJXMP
yMqgauQNmu,2017,UduPUwNkXKU,null,,379,Wed Jan 31 2018 12:44:22 GMT-0600 (Central Standard Time),PnUcE7oTGf,PAUSE_CLOCK,,,Wed Jan 31 2018 12:44:22 GMT-0600 (Central Standard Time),0eHM4yAUtR
yUwNHGoDmh,2017,UduPUwNkXKU,null,2,905,Wed Jan 31 2018 12:58:08 GMT-0600 (Central Standard Time),PnUcE7oTGf,DEFENSE,,,Wed Jan 31 2018 12:58:08 GMT-0600 (Central Standard Time),0eHM4yAUtR
yaUQNHLekD,2017,UduPUwNkXKU,null,,458,Wed Jan 31 2018 12:44:46 GMT-0600 (Central Standard Time),PnUcE7oTGf,START_CLOCK,,,Wed Jan 31 2018 12:44:46 GMT-0600 (Central Standard Time),0eHM4yAUtR
yq2vHoQrFg,2017,UduPUwNkXKU,null,,1577,Wed Jan 31 2018 13:14:47 GMT-0600 (Central Standard Time),PnUcE7oTGf,GOAL,,e50Hw33JO1,Wed Jan 31 2018 13:14:47 GMT-0600 (Central Standard Time),ZONaVCJXMP
yyWBxhWgY6,2017,UduPUwNkXKU,null,,526,Wed Jan 31 2018 12:49:09 GMT-0600 (Central Standard Time),PnUcE7oTGf,SUB,pPsyr6tcke,mrNtl0DtIC,Wed Jan 31 2018 12:49:09 GMT-0600 (Central Standard Time),ZONaVCJXMP
z0NiIuqK8T,2017,UduPUwNkXKU,null,2,854,Wed Jan 31 2018 12:56:07 GMT-0600 (Central Standard Time),PnUcE7oTGf,DEFENSE,,,Wed Jan 31 2018 12:56:07 GMT-0600 (Central Standard Time),0eHM4yAUtR
z7zp1QoF7G,2017,UduPUwNkXKU,null,,1861,Wed Jan 31 2018 17:13:55 GMT-0600 (Central Standard Time),PnUcE7oTGf,LOSE_CONTROL,,,Wed Jan 31 2018 17:13:55 GMT-0600 (Central Standard Time),ZONaVCJXMP
zBRRT8D99B,2017,UduPUwNkXKU,null,2,1243,Wed Jan 31 2018 13:04:28 GMT-0600 (Central Standard Time),PnUcE7oTGf,DEFENSE,,,Wed Jan 31 2018 13:04:28 GMT-0600 (Central Standard Time),0eHM4yAUtR
zHyE1gafPB,2017,UduPUwNkXKU,null,,2031,Wed Feb 07 2018 19:58:25 GMT-0600 (Central Standard Time),PnUcE7oTGf,GAIN_CONTROL,,,Wed Feb 07 2018 19:58:25 GMT-0600 (Central Standard Time),ZONaVCJXMP
zNSTBmkGoI,2017,UduPUwNkXKU,null,0,1215,Wed Jan 31 2018 13:03:23 GMT-0600 (Central Standard Time),PnUcE7oTGf,DEFENSE,,,Wed Jan 31 2018 13:03:23 GMT-0600 (Central Standard Time),ZONaVCJXMP
zdZ0Jgd8HA,2017,UduPUwNkXKU,null,,2519,Wed Feb 07 2018 20:47:16 GMT-0600 (Central Standard Time),PnUcE7oTGf,SUB,lmRl9DuW0c,bHBvdERj00,Wed Feb 07 2018 20:47:16 GMT-0600 (Central Standard Time),ZONaVCJXMP
zfGJsEgAs2,2017,UduPUwNkXKU,null,,2256,Wed Feb 07 2018 20:15:33 GMT-0600 (Central Standard Time),PnUcE7oTGf,START_CLOCK,,,Wed Feb 07 2018 20:15:33 GMT-0600 (Central Standard Time),ZONaVCJXMP
zjRmYsdTsw,2017,UduPUwNkXKU,null,1,2573,Wed Feb 07 2018 20:48:43 GMT-0600 (Central Standard Time),PnUcE7oTGf,OFFENSE,,,Wed Feb 07 2018 20:48:43 GMT-0600 (Central Standard Time),0eHM4yAUtR
zlECmS14ZE,2017,UduPUwNkXKU,null,2,1982,Wed Feb 07 2018 19:56:01 GMT-0600 (Central Standard Time),PnUcE7oTGf,DEFENSE,,,Wed Feb 07 2018 19:56:01 GMT-0600 (Central Standard Time),0eHM4yAUtR
zt67tB51E8,2017,UduPUwNkXKU,null,1,556,Wed Jan 31 2018 12:50:23 GMT-0600 (Central Standard Time),PnUcE7oTGf,DEFENSE,,,Wed Jan 31 2018 12:50:23 GMT-0600 (Central Standard Time),ZONaVCJXMP
zu3ibWMVMP,2017,UduPUwNkXKU,null,,1633,Wed Jan 31 2018 16:57:44 GMT-0600 (Central Standard Time),PnUcE7oTGf,PAUSE_CLOCK,,,Wed Jan 31 2018 16:57:44 GMT-0600 (Central Standard Time),ZONaVCJXMP
