objectId,createdAt,updatedAt,ACL,team_name
03h0GIgF90,Thu Nov 05 2015 09:11:37 GMT-0600 (Central Standard Time),Thu Nov 05 2015 09:11:37 GMT-0600 (Central Standard Time),null,Rochester United
0SjMMpwkhk,Sun Jan 24 2016 13:38:14 GMT-0600 (Central Standard Time),Sun Jan 24 2016 13:38:14 GMT-0600 (Central Standard Time),null,Crimson Elite
0eHM4yAUtR,Wed Jan 31 2018 12:22:18 GMT-0600 (Central Standard Time),Wed Jan 31 2018 12:22:18 GMT-0600 (Central Standard Time),null,Arizona State
0u9gVPYVvD,Mon Jan 25 2016 21:09:33 GMT-0600 (Central Standard Time),Mon Jan 25 2016 21:09:33 GMT-0600 (Central Standard Time),null,The Warriors
1Tq5ZLgKzB,Wed Jun 22 2016 23:12:54 GMT-0500 (Central Daylight Time),Wed Jun 22 2016 23:14:42 GMT-0500 (Central Daylight Time),null,Team France
1d2WW8vOCr,Thu Aug 06 2020 08:51:29 GMT-0500 (Central Daylight Time),Thu Aug 06 2020 08:51:29 GMT-0500 (Central Daylight Time),null,Southwest Broadside
3p9G6BhuYM,Thu Nov 17 2016 10:54:39 GMT-0600 (Central Standard Time),Thu Nov 17 2016 10:54:39 GMT-0600 (Central Standard Time),null,Toledo
4tA6jxuCvC,Thu Nov 17 2016 10:55:00 GMT-0600 (Central Standard Time),Thu Nov 17 2016 10:55:00 GMT-0600 (Central Standard Time),null,Grand Valley State University
5YE5IIV3k4,Sun Oct 09 2016 20:51:56 GMT-0500 (Central Daylight Time),Sun Oct 09 2016 20:51:56 GMT-0500 (Central Daylight Time),null,Falcon Warriors
72aC65hDVy,Tue Sep 22 2015 13:13:47 GMT-0500 (Central Daylight Time),Wed Oct 07 2015 13:33:26 GMT-0500 (Central Daylight Time),null,Michigan Quidditch
7k4NM5D7Jc,Sat May 02 2020 13:08:39 GMT-0500 (Central Daylight Time),Fri May 08 2020 21:37:05 GMT-0500 (Central Daylight Time),null,Boston Night Riders
7uCf7mKMsz,Tue Nov 08 2016 12:52:07 GMT-0600 (Central Standard Time),Tue Nov 08 2016 12:52:07 GMT-0600 (Central Standard Time),null,SIUE
7vxFQLlQ93,Sun Jul 03 2016 00:28:13 GMT-0500 (Central Daylight Time),Sun Jul 03 2016 00:28:13 GMT-0500 (Central Daylight Time),null,Team Italy
9pknZhSrVp,Sat May 02 2020 13:08:19 GMT-0500 (Central Daylight Time),Sat May 02 2020 13:08:19 GMT-0500 (Central Daylight Time),null,Austin Outlaws
APNEiQQoaa,Sun Oct 09 2016 21:45:34 GMT-0500 (Central Daylight Time),Sun Oct 09 2016 21:45:34 GMT-0500 (Central Daylight Time),null,Kansas
Bmlv3mbbOu,Mon Dec 21 2015 16:06:11 GMT-0600 (Central Standard Time),Mon Dec 21 2015 16:06:11 GMT-0600 (Central Standard Time),null,Rain City Raptors
CNmYv3w3iX,Sun Feb 28 2016 12:45:22 GMT-0600 (Central Standard Time),Sun Feb 28 2016 12:45:22 GMT-0600 (Central Standard Time),null,Texas Quidditch
D47tZYGxLA,Mon Jan 25 2016 21:16:38 GMT-0600 (Central Standard Time),Mon Jan 25 2016 21:16:38 GMT-0600 (Central Standard Time),null,Tribe Quidditch
FcfiL1DyBo,Tue Feb 19 2019 19:16:39 GMT-0600 (Central Standard Time),Tue Feb 19 2019 19:16:39 GMT-0600 (Central Standard Time),null,Texas State
Gf7Lbvl78R,Wed Mar 14 2018 12:33:57 GMT-0500 (Central Daylight Time),Wed Mar 14 2018 12:33:57 GMT-0500 (Central Daylight Time),null,League City Legends
Hheqtk2fnw,Thu Mar 15 2018 15:37:44 GMT-0500 (Central Daylight Time),Thu Mar 15 2018 15:37:44 GMT-0500 (Central Daylight Time),null,Harvard Horntails
J4jYCZM9jX,Thu Feb 02 2017 10:40:59 GMT-0600 (Central Standard Time),Thu Feb 02 2017 10:40:59 GMT-0600 (Central Standard Time),null,Bowling Green
KduR7D9hUY,Thu Aug 06 2020 08:10:00 GMT-0500 (Central Daylight Time),Thu Aug 06 2020 08:10:00 GMT-0500 (Central Daylight Time),null,Yorkshire Roses
MOyqzF628Q,Fri Dec 04 2015 00:18:07 GMT-0600 (Central Standard Time),Fri Dec 04 2015 00:18:07 GMT-0600 (Central Standard Time),null,Oklahoma State University
NGA0DzgJnH,Fri Aug 05 2016 00:19:12 GMT-0500 (Central Daylight Time),Fri Aug 05 2016 00:19:12 GMT-0500 (Central Daylight Time),null,Team USA
OpAp5q8omY,Mon Dec 21 2015 22:47:19 GMT-0600 (Central Standard Time),Mon Dec 21 2015 22:47:19 GMT-0600 (Central Standard Time),null,New York Titans
PTGvEk67Na,Wed Jul 28 2021 18:02:23 GMT-0500 (Central Daylight Time),Wed Jul 28 2021 18:02:23 GMT-0500 (Central Daylight Time),null,New Orleans Curse
QaWdxPWpwz,Wed Jul 19 2017 18:02:20 GMT-0500 (Central Daylight Time),Wed Jul 19 2017 18:02:20 GMT-0500 (Central Daylight Time),null,Minnesota Voyagers
RB5Ov9alvr,Mon Oct 23 2017 18:43:29 GMT-0500 (Central Daylight Time),Mon Oct 23 2017 18:43:29 GMT-0500 (Central Daylight Time),null,Ohio Glory
RYYs0N15Cd,Tue Nov 08 2016 12:52:21 GMT-0600 (Central Standard Time),Tue Nov 08 2016 12:52:21 GMT-0600 (Central Standard Time),null,Chicago United
SobMXhbxsA,Fri Jan 01 2016 16:40:20 GMT-0600 (Central Standard Time),Fri Jan 01 2016 16:40:20 GMT-0600 (Central Standard Time),null,Central Michigan Quidditch Club
TNw4nvciYW,Fri Dec 04 2015 00:26:36 GMT-0600 (Central Standard Time),Fri Dec 04 2015 00:26:36 GMT-0600 (Central Standard Time),null,Wisconsin Quidditch
TrU7dwBcP0,Sun Feb 07 2016 14:09:19 GMT-0600 (Central Standard Time),Sun Feb 07 2016 14:09:19 GMT-0600 (Central Standard Time),null,QC Boston
VVf2rVa4A4,Sat Jan 09 2016 18:41:53 GMT-0600 (Central Standard Time),Sat Jan 09 2016 18:41:53 GMT-0600 (Central Standard Time),null,Wooster Scottish Nationals
W06rDSVYXw,Thu Oct 20 2016 16:57:20 GMT-0500 (Central Daylight Time),Thu Oct 20 2016 16:57:20 GMT-0500 (Central Daylight Time),null,Indiana University
XAty8SwwgQ,Tue Nov 08 2016 12:51:52 GMT-0600 (Central Standard Time),Tue Nov 08 2016 12:51:52 GMT-0600 (Central Standard Time),null,Purdue
XClj7GPef9,Thu Feb 01 2018 12:13:46 GMT-0600 (Central Standard Time),Thu Feb 01 2018 12:13:46 GMT-0600 (Central Standard Time),null,Nomads
Y0cHofeNs5,Mon Feb 18 2019 20:44:37 GMT-0600 (Central Standard Time),Mon Feb 18 2019 20:44:37 GMT-0600 (Central Standard Time),null,Texas Cavalry
YxFzyU7JOS,Fri Dec 04 2015 01:28:56 GMT-0600 (Central Standard Time),Fri Dec 04 2015 01:28:56 GMT-0600 (Central Standard Time),null,CWRUcio Quidditch (Case Western Reserve University
ZONaVCJXMP,Sun Nov 13 2016 00:11:02 GMT-0600 (Central Standard Time),Fri Feb 03 2017 20:09:06 GMT-0600 (Central Standard Time),null,Lake Erie Elite
aguEb8e6HQ,Tue Dec 15 2015 15:44:55 GMT-0600 (Central Standard Time),Tue Dec 15 2015 15:44:55 GMT-0600 (Central Standard Time),null,Cleveland Riff
alS9lskY24,Wed Oct 25 2017 18:32:58 GMT-0500 (Central Daylight Time),Wed Oct 25 2017 18:32:58 GMT-0500 (Central Daylight Time),null,Hoosier Daddies
atU0l1Ej8N,Sat Jan 09 2016 07:42:41 GMT-0600 (Central Standard Time),Sat Jan 09 2016 07:42:41 GMT-0600 (Central Standard Time),null,Radcliffe Chimeras
b0FK1qJldP,Fri Aug 05 2016 22:49:48 GMT-0500 (Central Daylight Time),Fri Aug 05 2016 22:49:48 GMT-0500 (Central Daylight Time),null,Team Australia
bE8h4EPjOa,Fri Jul 08 2016 17:13:42 GMT-0500 (Central Daylight Time),Fri Jul 08 2016 17:13:42 GMT-0500 (Central Daylight Time),null,Team Turkey
cD5a3uVJvc,Sun Mar 04 2018 20:53:20 GMT-0600 (Central Standard Time),Sun Mar 04 2018 20:53:20 GMT-0600 (Central Standard Time),null,Michigan State
cYlqGU5idc,Thu Jun 23 2016 13:11:24 GMT-0500 (Central Daylight Time),Thu Jun 23 2016 13:11:24 GMT-0500 (Central Daylight Time),null,Team Germany
dasZO9xYI9,Thu Aug 12 2021 16:55:22 GMT-0500 (Central Daylight Time),Thu Aug 12 2021 16:55:22 GMT-0500 (Central Daylight Time),null,Kansas City Stampede
eeGdLqg7B2,Fri Feb 16 2018 08:54:36 GMT-0600 (Central Standard Time),Fri Feb 16 2018 08:54:36 GMT-0600 (Central Standard Time),null,Tufts Quidditch
eexnypd9Ax,Mon Mar 27 2017 11:36:54 GMT-0500 (Central Daylight Time),Mon Mar 27 2017 11:36:54 GMT-0500 (Central Daylight Time),null,Ball State
ejsL26LzRP,Sat Jan 09 2016 17:34:15 GMT-0600 (Central Standard Time),Sat Jan 09 2016 17:34:15 GMT-0600 (Central Standard Time),null,Marquette Quidditch
fOslL2YWS4,Wed Dec 30 2015 15:24:26 GMT-0600 (Central Standard Time),Wed Dec 30 2015 15:24:26 GMT-0600 (Central Standard Time),null,Deurne Dodo A
hiXRckO3HR,Wed Nov 21 2018 17:38:26 GMT-0600 (Central Standard Time),Wed Nov 21 2018 17:38:26 GMT-0600 (Central Standard Time),null,THC Heat
i1Q9d8L51D,Tue Jun 28 2016 18:09:11 GMT-0500 (Central Daylight Time),Tue Jun 28 2016 18:09:11 GMT-0500 (Central Daylight Time),null,Team Norway
i88VqsygZg,Wed Dec 20 2017 20:54:47 GMT-0600 (Central Standard Time),Wed Dec 20 2017 20:54:47 GMT-0600 (Central Standard Time),null,Lost Boys
igGiePQqI2,Tue Nov 08 2016 12:52:29 GMT-0600 (Central Standard Time),Tue Nov 08 2016 12:52:29 GMT-0600 (Central Standard Time),null,TC Frost
kNU5wzM0fJ,Mon Mar 21 2016 13:51:38 GMT-0500 (Central Daylight Time),Mon Mar 21 2016 13:51:38 GMT-0500 (Central Daylight Time),null,Lone Star QC
l5ct7xY8Cg,Fri Dec 04 2015 20:10:12 GMT-0600 (Central Standard Time),Fri Dec 04 2015 20:10:12 GMT-0600 (Central Standard Time),null,Illinois State Firebirds
lR5uXaimjI,Mon Mar 27 2017 11:34:56 GMT-0500 (Central Daylight Time),Mon Mar 27 2017 11:34:56 GMT-0500 (Central Daylight Time),null,Ohio State Quidditch
mhnUAAk8wm,Fri Dec 04 2015 03:15:10 GMT-0600 (Central Standard Time),Fri Dec 04 2015 03:15:10 GMT-0600 (Central Standard Time),null,Team UK
p0YTMXMMJ5,Fri Feb 16 2018 08:42:57 GMT-0600 (Central Standard Time),Fri Feb 16 2018 08:42:57 GMT-0600 (Central Standard Time),null,Emerson College Quidditch
pFe1cFCeHX,Thu Apr 27 2017 19:38:48 GMT-0500 (Central Daylight Time),Thu Apr 27 2017 19:38:48 GMT-0500 (Central Daylight Time),null,Indianapolis Intensity
q4t17aUQvP,Thu Nov 17 2016 10:53:44 GMT-0600 (Central Standard Time),Thu Nov 17 2016 10:53:44 GMT-0600 (Central Standard Time),null,Carnegie Mellon
s8MTQ8xMBE,Mon Aug 02 2021 22:07:07 GMT-0500 (Central Daylight Time),Mon Aug 02 2021 22:07:07 GMT-0500 (Central Daylight Time),null,San Antonio Soldados
sDwvaTBIyS,Sun Apr 10 2016 10:03:57 GMT-0500 (Central Daylight Time),Sun Apr 10 2016 10:03:57 GMT-0500 (Central Daylight Time),null,Penn State
ue6R6GtpLi,Thu Mar 15 2018 15:37:35 GMT-0500 (Central Daylight Time),Thu Mar 15 2018 15:37:35 GMT-0500 (Central Daylight Time),null,Middlebury Quidditch
vDzQtXa7zd,Tue Dec 15 2015 20:12:40 GMT-0600 (Central Standard Time),Tue Dec 15 2015 20:12:40 GMT-0600 (Central Standard Time),null,Rochester Whiteout
wCsrfKSsCM,Thu Mar 15 2018 15:37:55 GMT-0500 (Central Daylight Time),Thu Mar 15 2018 15:37:55 GMT-0500 (Central Daylight Time),null,RPI Quidditch
weNkSqNAPd,Sun Mar 04 2018 20:21:16 GMT-0600 (Central Standard Time),Sun Mar 04 2018 20:21:16 GMT-0600 (Central Standard Time),null,Miami University
wl56jgemqS,Wed Dec 09 2015 16:53:40 GMT-0600 (Central Standard Time),Wed Dec 09 2015 16:53:40 GMT-0600 (Central Standard Time),null,Detroit Innovators
x08kJZJT9E,Fri Dec 04 2015 03:08:50 GMT-0600 (Central Standard Time),Fri Dec 04 2015 03:08:50 GMT-0600 (Central Standard Time),null,Team Belgium
xs2G82eckS,Thu Mar 08 2018 18:22:03 GMT-0600 (Central Standard Time),Thu Mar 08 2018 18:22:03 GMT-0600 (Central Standard Time),null,LA Guardians
zQMAAAh5aT,Mon Mar 27 2017 11:37:03 GMT-0500 (Central Daylight Time),Mon Mar 27 2017 11:37:03 GMT-0500 (Central Daylight Time),null,Ohio University
ztGBBQuCSH,Wed Dec 20 2017 20:54:36 GMT-0600 (Central Standard Time),Wed Dec 20 2017 20:54:36 GMT-0600 (Central Standard Time),null,LA Gambits
